/*******************************************************************************
 * Size: 18 px
 * Bpp: 1
 * Opts: --bpp 1 --size 18 --font D:/ESP/sqls_ws/learn/l01/assets/Roboto-Black.ttf -o D:/ESP/sqls_ws/learn/l01/assets\ui_font_ftRbBlck18.c --format lvgl -r 32-127 -r 1024-1119 -r 1120-1279 --no-compress --no-prefilter
 ******************************************************************************/

#include "../ui.h"

#ifndef UI_FONT_FTRBBLCK18
#define UI_FONT_FTRBBLCK18 1
#endif

#if UI_FONT_FTRBBLCK18

/*-----------------
 *    BITMAPS
 *----------------*/

/*Store the image of the glyphs*/
static LV_ATTRIBUTE_LARGE_CONST const uint8_t glyph_bitmap[] = {
    /* U+0020 " " */
    0x0,

    /* U+0021 "!" */
    0xff, 0xff, 0xff, 0xe3, 0xfe,

    /* U+0022 "\"" */
    0xde, 0xf7, 0xbd, 0x80,

    /* U+0023 "#" */
    0x9, 0x6, 0xc1, 0xb1, 0xff, 0x7f, 0xc4, 0x81,
    0x23, 0xfe, 0xff, 0x8d, 0x83, 0x60, 0xd8, 0x24,
    0x0,

    /* U+0024 "$" */
    0x8, 0x4, 0x2, 0x7, 0xc7, 0xf7, 0xff, 0x8f,
    0xc0, 0xf8, 0x3f, 0x7, 0xc0, 0xfe, 0x3f, 0x1d,
    0xfc, 0x7c, 0x8, 0x4, 0x0,

    /* U+0025 "%" */
    0x78, 0xf, 0xc0, 0xcc, 0xcc, 0xd8, 0xff, 0x7,
    0xb0, 0x6, 0x0, 0xde, 0xf, 0xf1, 0xb3, 0x33,
    0x31, 0x3f, 0x1, 0xe0,

    /* U+0026 "&" */
    0x1e, 0x3, 0xf0, 0x77, 0x7, 0x70, 0x7f, 0x3,
    0xe0, 0x7c, 0x7, 0xee, 0xef, 0xee, 0x7e, 0xe3,
    0xc7, 0xfc, 0x3f, 0xe0,

    /* U+0027 "'" */
    0xff, 0xc0,

    /* U+0028 "(" */
    0x0, 0x63, 0x8c, 0x71, 0x8e, 0x38, 0xe3, 0x8e,
    0x38, 0xe3, 0x87, 0x1c, 0x38, 0x70, 0x80,

    /* U+0029 ")" */
    0x1, 0x87, 0xc, 0x38, 0x61, 0xc7, 0x1c, 0x71,
    0xc7, 0x1c, 0x63, 0x8e, 0x73, 0x84, 0x0,

    /* U+002A "*" */
    0x18, 0x18, 0x9a, 0xff, 0x38, 0x3c, 0x6c, 0x44,

    /* U+002B "+" */
    0x1c, 0xe, 0x7, 0x3, 0x8f, 0xff, 0xfc, 0x70,
    0x38, 0x1c, 0xe, 0x0,

    /* U+002C "," */
    0x77, 0x77, 0xe4,

    /* U+002D "-" */
    0xff, 0xc0,

    /* U+002E "." */
    0xff, 0x80,

    /* U+002F "/" */
    0xc, 0x31, 0x86, 0x18, 0xe3, 0xc, 0x31, 0x86,
    0x18, 0xc3, 0xc, 0x0,

    /* U+0030 "0" */
    0x3e, 0x3f, 0xbd, 0xdc, 0x7e, 0x3f, 0x1f, 0x8f,
    0xc7, 0xe3, 0xf1, 0xdd, 0xcf, 0xe3, 0xe0,

    /* U+0031 "1" */
    0xd, 0xff, 0xff, 0x1c, 0x71, 0xc7, 0x1c, 0x71,
    0xc7, 0x1c,

    /* U+0032 "2" */
    0x3e, 0x3f, 0xbc, 0xfc, 0x70, 0x38, 0x3c, 0x1c,
    0x1c, 0x1c, 0x1e, 0x1e, 0x1f, 0xff, 0xf8,

    /* U+0033 "3" */
    0x3e, 0x3f, 0xb8, 0xe0, 0x70, 0x38, 0xf8, 0x78,
    0x3e, 0x3, 0x81, 0xf8, 0xef, 0xe3, 0xe0,

    /* U+0034 "4" */
    0x7, 0x3, 0xc1, 0xf0, 0x7c, 0x3f, 0xd, 0xc7,
    0x73, 0x9c, 0xff, 0xff, 0xf0, 0x70, 0x1c, 0x7,
    0x0,

    /* U+0035 "5" */
    0x7f, 0xbf, 0xd8, 0xc, 0xf, 0xe7, 0xf8, 0x9e,
    0x7, 0x3, 0xf1, 0xf9, 0xef, 0xe3, 0xe0,

    /* U+0036 "6" */
    0xe, 0x1f, 0x1e, 0xe, 0xe, 0xe7, 0xfb, 0x9f,
    0xc7, 0xe3, 0xf1, 0xdd, 0xef, 0xe3, 0xe0,

    /* U+0037 "7" */
    0xff, 0xff, 0xc0, 0xe0, 0xe0, 0x70, 0x70, 0x38,
    0x1c, 0x1c, 0xe, 0xe, 0x7, 0x7, 0x80,

    /* U+0038 "8" */
    0x3e, 0x3f, 0xb8, 0xfc, 0x7e, 0x3b, 0xf8, 0xf8,
    0xfe, 0xe3, 0xf1, 0xf8, 0xef, 0xe3, 0xe0,

    /* U+0039 "9" */
    0x3e, 0x3f, 0xbd, 0xdc, 0x7e, 0x3f, 0x1d, 0xfe,
    0x7f, 0x3, 0x83, 0x83, 0xc7, 0xc3, 0x80,

    /* U+003A ":" */
    0xff, 0x80, 0x7, 0xfc,

    /* U+003B ";" */
    0xff, 0x80, 0x0, 0xff, 0xfd, 0x0,

    /* U+003C "<" */
    0x1, 0xf, 0x3f, 0xfc, 0xe0, 0xfc, 0x3f, 0xf,
    0x1,

    /* U+003D "=" */
    0xff, 0xff, 0x0, 0x0, 0xff, 0xff,

    /* U+003E ">" */
    0x80, 0xe0, 0xfc, 0x3f, 0xf, 0x3f, 0xfc, 0xe0,
    0x80,

    /* U+003F "?" */
    0x3e, 0x3f, 0x9c, 0xe0, 0x70, 0x78, 0x78, 0x78,
    0x38, 0x1c, 0x0, 0x7, 0x3, 0x81, 0xc0,

    /* U+0040 "@" */
    0x7, 0xe0, 0x3f, 0xf0, 0xf0, 0xf3, 0x80, 0x66,
    0x3c, 0xec, 0xfc, 0xf3, 0x99, 0xe6, 0x33, 0xcc,
    0x67, 0x99, 0x8f, 0x33, 0x36, 0x7f, 0xee, 0x77,
    0x8c, 0x0, 0x1e, 0x0, 0x1f, 0xe0, 0xf, 0xc0,

    /* U+0041 "A" */
    0xf, 0x0, 0xf0, 0xf, 0x81, 0xf8, 0x1f, 0x83,
    0x9c, 0x39, 0xc3, 0x9c, 0x7f, 0xe7, 0xfe, 0x70,
    0xff, 0x7, 0xe0, 0x70,

    /* U+0042 "B" */
    0xff, 0x3f, 0xee, 0x1f, 0x87, 0xe1, 0xff, 0xff,
    0xfb, 0x87, 0xe1, 0xf8, 0x7e, 0x1f, 0xfe, 0xff,
    0x0,

    /* U+0043 "C" */
    0x1f, 0x7, 0xf9, 0xc7, 0x70, 0x7e, 0x1, 0xc0,
    0x38, 0x7, 0x0, 0xe0, 0x1c, 0x1d, 0xc7, 0x9f,
    0xe1, 0xf0,

    /* U+0044 "D" */
    0xfe, 0x3f, 0xce, 0x3b, 0x86, 0xe1, 0xf8, 0x7e,
    0x1f, 0x87, 0xe1, 0xf8, 0xee, 0x3b, 0xfc, 0xfe,
    0x0,

    /* U+0045 "E" */
    0xff, 0xff, 0xf8, 0x1c, 0xe, 0x7, 0xfb, 0xfd,
    0xc0, 0xe0, 0x70, 0x38, 0x1f, 0xff, 0xf8,

    /* U+0046 "F" */
    0xff, 0xff, 0xf8, 0x1c, 0xe, 0x7, 0x3, 0xfd,
    0xfe, 0xe0, 0x70, 0x38, 0x1c, 0xe, 0x0,

    /* U+0047 "G" */
    0x1f, 0x87, 0xf9, 0xc7, 0xf0, 0x7e, 0x1, 0xc0,
    0x38, 0xff, 0x1f, 0xe0, 0xfc, 0x1d, 0xc3, 0x9f,
    0xf1, 0xf8,

    /* U+0048 "H" */
    0xe0, 0xfc, 0x1f, 0x83, 0xf0, 0x7e, 0xf, 0xff,
    0xff, 0xff, 0x7, 0xe0, 0xfc, 0x1f, 0x83, 0xf0,
    0x7e, 0xe,

    /* U+0049 "I" */
    0xff, 0xff, 0xff, 0xff, 0xfe,

    /* U+004A "J" */
    0x3, 0x81, 0xc0, 0xe0, 0x70, 0x38, 0x1c, 0xe,
    0x7, 0x3, 0xf1, 0xf8, 0xef, 0xe3, 0xe0,

    /* U+004B "K" */
    0xe3, 0xdc, 0x7b, 0x9e, 0x77, 0x8e, 0xe1, 0xfc,
    0x3f, 0x87, 0xf0, 0xff, 0x1c, 0xf3, 0x8e, 0x71,
    0xee, 0x1c,

    /* U+004C "L" */
    0xe0, 0x70, 0x38, 0x1c, 0xe, 0x7, 0x3, 0x81,
    0xc0, 0xe0, 0x70, 0x38, 0x1f, 0xff, 0xf8,

    /* U+004D "M" */
    0xf0, 0x3f, 0xe1, 0xff, 0x87, 0xfe, 0x1f, 0xfc,
    0xff, 0xf3, 0xfe, 0xcd, 0xfb, 0xf7, 0xef, 0xdf,
    0x9e, 0x7e, 0x79, 0xf9, 0xe7, 0xe3, 0x1c,

    /* U+004E "N" */
    0xe0, 0xfe, 0x1f, 0xe3, 0xfc, 0x7f, 0xcf, 0xf9,
    0xfb, 0xbf, 0x3f, 0xe7, 0xfc, 0x7f, 0x8f, 0xf0,
    0xfe, 0xe,

    /* U+004F "O" */
    0x1f, 0x7, 0xf1, 0xc7, 0x70, 0x7e, 0xf, 0xc1,
    0xf8, 0x3f, 0x7, 0xe0, 0xfc, 0x1d, 0xc7, 0x1f,
    0xc1, 0xf0,

    /* U+0050 "P" */
    0xff, 0x3f, 0xee, 0x3f, 0x87, 0xe1, 0xf8, 0x7f,
    0xfb, 0xfc, 0xe0, 0x38, 0xe, 0x3, 0x80, 0xe0,
    0x0,

    /* U+0051 "Q" */
    0x1f, 0x7, 0xf1, 0xc7, 0x70, 0x7e, 0xf, 0xc1,
    0xf8, 0x3f, 0x7, 0xe0, 0xfc, 0x1d, 0xc7, 0x1f,
    0xc1, 0xfc, 0x3, 0xc0, 0x30,

    /* U+0052 "R" */
    0xff, 0x3f, 0xee, 0x3f, 0x87, 0xe1, 0xf8, 0xff,
    0xfb, 0xfc, 0xe7, 0x39, 0xee, 0x3b, 0x8f, 0xe1,
    0xc0,

    /* U+0053 "S" */
    0x1f, 0x87, 0xf9, 0xc3, 0xb8, 0x77, 0x80, 0x7e,
    0x7, 0xf0, 0x3e, 0x1, 0xee, 0x1d, 0xc3, 0x9f,
    0xe1, 0xf8,

    /* U+0054 "T" */
    0xff, 0xff, 0xfc, 0x38, 0x7, 0x0, 0xe0, 0x1c,
    0x3, 0x80, 0x70, 0xe, 0x1, 0xc0, 0x38, 0x7,
    0x0, 0xe0,

    /* U+0055 "U" */
    0xe1, 0xf8, 0x7e, 0x1f, 0x87, 0xe1, 0xf8, 0x7e,
    0x1f, 0x87, 0xe1, 0xf8, 0x7f, 0x3d, 0xfe, 0x3f,
    0x0,

    /* U+0056 "V" */
    0xf0, 0xff, 0xe, 0x70, 0xe7, 0xe, 0x79, 0xc3,
    0x9c, 0x39, 0xc3, 0xb8, 0x1f, 0x81, 0xf8, 0x1f,
    0x0, 0xf0, 0xf, 0x0,

    /* U+0057 "W" */
    0xe3, 0x8f, 0xe7, 0x1d, 0xcf, 0x3b, 0x9e, 0x77,
    0x7c, 0xce, 0xfb, 0x8d, 0xff, 0x1f, 0x7e, 0x3e,
    0xfc, 0x7c, 0xf0, 0xf9, 0xe0, 0xe3, 0xc1, 0xc7,
    0x80,

    /* U+0058 "X" */
    0xf0, 0xee, 0x3d, 0xe7, 0x1d, 0xc1, 0xf8, 0x3e,
    0x3, 0xc0, 0xf8, 0x1f, 0x87, 0x71, 0xe7, 0x38,
    0xff, 0xe,

    /* U+0059 "Y" */
    0xe0, 0xee, 0x39, 0xc7, 0x1d, 0xc3, 0xb8, 0x36,
    0x7, 0xc0, 0x70, 0xe, 0x1, 0xc0, 0x38, 0x7,
    0x0, 0xe0,

    /* U+005A "Z" */
    0xff, 0xff, 0xf0, 0x38, 0x1e, 0x7, 0x3, 0x81,
    0xe0, 0x70, 0x38, 0x1e, 0x7, 0x3, 0xff, 0xff,
    0xc0,

    /* U+005B "[" */
    0xff, 0xee, 0xee, 0xee, 0xee, 0xee, 0xee, 0xee,
    0xef, 0xf0,

    /* U+005C "\\" */
    0xe0, 0xe0, 0x70, 0x70, 0x78, 0x38, 0x38, 0x1c,
    0x1c, 0x1c, 0xe, 0xe, 0xf, 0x7, 0x7,

    /* U+005D "]" */
    0xff, 0x77, 0x77, 0x77, 0x77, 0x77, 0x77, 0x77,
    0x7f, 0xf0,

    /* U+005E "^" */
    0x18, 0x1c, 0x3c, 0x3c, 0x66, 0x66, 0x67,

    /* U+005F "_" */
    0xff, 0xff,

    /* U+0060 "`" */
    0x71, 0x86,

    /* U+0061 "a" */
    0x3c, 0x7e, 0xe7, 0x7, 0x3f, 0xff, 0xe7, 0xe7,
    0xff, 0x7f,

    /* U+0062 "b" */
    0xe0, 0x70, 0x38, 0x1c, 0xe, 0xe7, 0xfb, 0x9f,
    0xc7, 0xe3, 0xf1, 0xf8, 0xfc, 0xff, 0xf7, 0x70,

    /* U+0063 "c" */
    0x3e, 0x3f, 0xb9, 0xdc, 0x6e, 0x7, 0x3, 0x81,
    0xee, 0x7f, 0x1f, 0x0,

    /* U+0064 "d" */
    0x3, 0x81, 0xc0, 0xe0, 0x73, 0xbb, 0xff, 0xcf,
    0xc7, 0xe3, 0xf1, 0xf8, 0xfe, 0x77, 0xf9, 0xdc,

    /* U+0065 "e" */
    0x3e, 0x3f, 0xbc, 0xfc, 0x7f, 0xff, 0xff, 0x80,
    0xe2, 0x7f, 0x8f, 0x0,

    /* U+0066 "f" */
    0xe, 0x7c, 0xe1, 0xcf, 0xff, 0xce, 0x1c, 0x38,
    0x70, 0xe1, 0xc3, 0x87, 0x0,

    /* U+0067 "g" */
    0x3f, 0xbf, 0xfc, 0xfc, 0x7e, 0x3f, 0x1f, 0x8f,
    0xe7, 0x7f, 0x9f, 0xc0, 0xec, 0xf7, 0xf1, 0xf0,

    /* U+0068 "h" */
    0xe0, 0x70, 0x38, 0x1c, 0xe, 0xf7, 0xfb, 0x8f,
    0xc7, 0xe3, 0xf1, 0xf8, 0xfc, 0x7e, 0x3f, 0x1c,

    /* U+0069 "i" */
    0xff, 0x8f, 0xff, 0xff, 0xff, 0xc0,

    /* U+006A "j" */
    0x39, 0xce, 0x3, 0x9c, 0xe7, 0x39, 0xce, 0x73,
    0x9c, 0xe7, 0xf7, 0x0,

    /* U+006B "k" */
    0xe0, 0x70, 0x38, 0x1c, 0xe, 0x7f, 0x7b, 0xb9,
    0xf8, 0xfc, 0x7f, 0x3f, 0x9c, 0xee, 0x77, 0x1c,

    /* U+006C "l" */
    0xff, 0xff, 0xff, 0xff, 0xff, 0xc0,

    /* U+006D "m" */
    0xee, 0x7b, 0xff, 0xfe, 0x71, 0xf9, 0xc7, 0xe7,
    0x1f, 0x9c, 0x7e, 0x71, 0xf9, 0xc7, 0xe7, 0x1f,
    0x9c, 0x70,

    /* U+006E "n" */
    0xef, 0x7f, 0xf8, 0xfc, 0x7e, 0x3f, 0x1f, 0x8f,
    0xc7, 0xe3, 0xf1, 0xc0,

    /* U+006F "o" */
    0x3e, 0x3f, 0xbd, 0xfc, 0x7e, 0x3f, 0x1f, 0x8f,
    0xef, 0x7f, 0x1f, 0x0,

    /* U+0070 "p" */
    0xee, 0x7f, 0xb9, 0xfc, 0x7e, 0x3f, 0x1f, 0x8f,
    0xcf, 0xff, 0x7f, 0x38, 0x1c, 0xe, 0x7, 0x0,

    /* U+0071 "q" */
    0x3b, 0xbf, 0xfc, 0xfc, 0x7e, 0x3f, 0x1f, 0x8f,
    0xe7, 0x7f, 0x9d, 0xc0, 0xe0, 0x70, 0x38, 0x1c,

    /* U+0072 "r" */
    0xef, 0xfe, 0x38, 0xe3, 0x8e, 0x38, 0xe3, 0x80,

    /* U+0073 "s" */
    0x3e, 0x3f, 0x99, 0xce, 0x7, 0xe1, 0xf8, 0x1d,
    0xc6, 0x7f, 0x1f, 0x0,

    /* U+0074 "t" */
    0x71, 0xc7, 0x3f, 0xfd, 0xc7, 0x1c, 0x71, 0xc7,
    0x5f, 0x3c,

    /* U+0075 "u" */
    0xe3, 0xf1, 0xf8, 0xfc, 0x7e, 0x3f, 0x1f, 0x8f,
    0xc7, 0xff, 0xbd, 0xc0,

    /* U+0076 "v" */
    0xe3, 0xf1, 0xdd, 0xce, 0xe7, 0x73, 0xb8, 0xf8,
    0x7c, 0x3e, 0xe, 0x0,

    /* U+0077 "w" */
    0xe6, 0x37, 0x3b, 0x99, 0xdc, 0xde, 0xe7, 0xf7,
    0x3e, 0xf1, 0xf7, 0x87, 0x3c, 0x39, 0xe1, 0xc6,
    0x0,

    /* U+0078 "x" */
    0xf3, 0xbb, 0x8f, 0xc7, 0xc1, 0xe1, 0xf0, 0xf8,
    0xee, 0x77, 0x71, 0xc0,

    /* U+0079 "y" */
    0xe3, 0xf1, 0xdd, 0xce, 0xe7, 0x71, 0xf0, 0xf8,
    0x7c, 0x1c, 0xe, 0x7, 0xf, 0x7, 0x83, 0x80,

    /* U+007A "z" */
    0xff, 0xff, 0xe, 0xe, 0x1c, 0x38, 0x78, 0x70,
    0xff, 0xff,

    /* U+007B "{" */
    0xc, 0x73, 0x8e, 0x38, 0xe3, 0xbc, 0xe3, 0xc3,
    0x8e, 0x38, 0xe3, 0x87, 0xc,

    /* U+007C "|" */
    0xff, 0xff, 0xff, 0xfc,

    /* U+007D "}" */
    0xc7, 0x1c, 0xe7, 0x39, 0xcf, 0x1b, 0xdc, 0xe7,
    0x39, 0xdc, 0xc0,

    /* U+007E "~" */
    0x71, 0xfe, 0x6c, 0xfb, 0x1c,

    /* U+0400 "Ѐ" */
    0x38, 0x1c, 0x7, 0x0, 0xf, 0xff, 0xff, 0x81,
    0xc0, 0xe0, 0x7f, 0xbf, 0xdc, 0xe, 0x7, 0x3,
    0x81, 0xff, 0xff, 0x80,

    /* U+0401 "Ё" */
    0x77, 0x3b, 0x80, 0x1f, 0xff, 0xff, 0x3, 0x81,
    0xc0, 0xff, 0x7f, 0xb8, 0x1c, 0xe, 0x7, 0x3,
    0xff, 0xff,

    /* U+0402 "Ђ" */
    0xff, 0xc7, 0xfe, 0x7, 0x0, 0x38, 0x1, 0xc0,
    0xf, 0xf0, 0x7f, 0xc3, 0x8f, 0x1c, 0x38, 0xe1,
    0xc7, 0x1e, 0x39, 0xe1, 0xce, 0x0,

    /* U+0403 "Ѓ" */
    0xe, 0x7, 0x7, 0x0, 0xf, 0xff, 0xff, 0x81,
    0xc0, 0xe0, 0x70, 0x38, 0x1c, 0xe, 0x7, 0x3,
    0x81, 0xc0, 0xe0, 0x0,

    /* U+0404 "Є" */
    0x1f, 0x7, 0xf9, 0xc7, 0xf0, 0x7e, 0x1, 0xfc,
    0x3f, 0x87, 0x0, 0xe0, 0xfc, 0x1d, 0xc7, 0x1f,
    0xe1, 0xf0,

    /* U+0405 "Ѕ" */
    0x1f, 0x87, 0xf9, 0xc3, 0xb8, 0x77, 0x80, 0x7e,
    0x7, 0xf0, 0x3e, 0x1, 0xee, 0x1d, 0xc3, 0x9f,
    0xe1, 0xf8,

    /* U+0406 "І" */
    0xff, 0xff, 0xff, 0xff, 0xfe,

    /* U+0407 "Ї" */
    0xef, 0xdc, 0x1, 0xc3, 0x87, 0xe, 0x1c, 0x38,
    0x70, 0xe1, 0xc3, 0x87, 0xe, 0x1c,

    /* U+0408 "Ј" */
    0x3, 0x81, 0xc0, 0xe0, 0x70, 0x38, 0x1c, 0xe,
    0x7, 0x3, 0xf1, 0xf8, 0xef, 0xe3, 0xe0,

    /* U+0409 "Љ" */
    0x1f, 0xf0, 0x3, 0xfe, 0x0, 0x71, 0xc0, 0xe,
    0x38, 0x1, 0xc7, 0xf0, 0x38, 0xff, 0x87, 0x1c,
    0x78, 0xe3, 0x87, 0x1c, 0x70, 0xe7, 0x8e, 0x1c,
    0xe1, 0xc7, 0xfc, 0x3f, 0xef, 0x7, 0xf0,

    /* U+040A "Њ" */
    0xe0, 0xe0, 0x70, 0x70, 0x38, 0x38, 0x1c, 0x1c,
    0xe, 0xf, 0xe7, 0x7, 0xfb, 0xff, 0x9f, 0xff,
    0xc7, 0xe0, 0xe3, 0xf0, 0x71, 0xf8, 0x39, 0xfc,
    0x1f, 0xee, 0xf, 0xe0,

    /* U+040B "Ћ" */
    0xff, 0xc7, 0xfe, 0x7, 0x0, 0x38, 0x1, 0xc0,
    0xf, 0xf0, 0x7f, 0xc3, 0x8f, 0x1c, 0x38, 0xe1,
    0xc7, 0xe, 0x38, 0x71, 0xc3, 0x80,

    /* U+040C "Ќ" */
    0xe, 0x1, 0x80, 0x70, 0x0, 0xe, 0x3d, 0xc7,
    0xb9, 0xe7, 0x78, 0xee, 0x1f, 0xc3, 0xf8, 0x7f,
    0xf, 0xf1, 0xcf, 0x38, 0xe7, 0x1e, 0xe1, 0xc0,

    /* U+040D "Ѝ" */
    0x38, 0x3, 0x80, 0x38, 0x0, 0xe, 0xf, 0xc3,
    0xf8, 0xff, 0x1f, 0xe7, 0xfc, 0xff, 0xbb, 0xfe,
    0x7f, 0xcf, 0xf1, 0xfe, 0x3f, 0x87, 0xe0, 0xe0,

    /* U+040E "Ў" */
    0x19, 0x83, 0xf0, 0x3c, 0x0, 0xe, 0xf, 0xe3,
    0x9c, 0x73, 0xce, 0x3b, 0x87, 0xf0, 0x7c, 0xf,
    0x80, 0xe0, 0x1c, 0x3, 0x81, 0xe0, 0x38, 0x0,

    /* U+040F "Џ" */
    0xe0, 0xfc, 0x1f, 0x83, 0xf0, 0x7e, 0xf, 0xc1,
    0xf8, 0x3f, 0x7, 0xe0, 0xfc, 0x1f, 0x83, 0xff,
    0xff, 0xfe, 0x1c, 0x3, 0x80, 0x70, 0xe, 0x0,

    /* U+0410 "А" */
    0xf, 0x0, 0xf0, 0xf, 0x81, 0xf8, 0x1f, 0x83,
    0x9c, 0x39, 0xc3, 0x9c, 0x7f, 0xe7, 0xfe, 0x70,
    0xff, 0x7, 0xe0, 0x70,

    /* U+0411 "Б" */
    0xff, 0xbf, 0xee, 0x3, 0x80, 0xe0, 0x3f, 0xcf,
    0xfb, 0x8f, 0xe1, 0xf8, 0x7e, 0x3f, 0xfe, 0xfe,
    0x0,

    /* U+0412 "В" */
    0xff, 0x3f, 0xee, 0x1f, 0x87, 0xe1, 0xff, 0xff,
    0xfb, 0x87, 0xe1, 0xf8, 0x7e, 0x1f, 0xfe, 0xff,
    0x0,

    /* U+0413 "Г" */
    0xff, 0xff, 0xf8, 0x1c, 0xe, 0x7, 0x3, 0x81,
    0xc0, 0xe0, 0x70, 0x38, 0x1c, 0xe, 0x0,

    /* U+0414 "Д" */
    0x1f, 0xf0, 0xff, 0x87, 0x1c, 0x38, 0xe1, 0xc7,
    0xe, 0x38, 0x71, 0xc7, 0x8e, 0x38, 0x71, 0xc3,
    0x9e, 0x1d, 0xff, 0xff, 0xff, 0xf0, 0x1f, 0x80,
    0xfc, 0x7,

    /* U+0415 "Е" */
    0xff, 0xff, 0xf8, 0x1c, 0xe, 0x7, 0xfb, 0xfd,
    0xc0, 0xe0, 0x70, 0x38, 0x1f, 0xff, 0xf8,

    /* U+0416 "Ж" */
    0x70, 0xe3, 0xcf, 0x1c, 0x78, 0xe3, 0x9e, 0x1e,
    0x73, 0x81, 0xce, 0xf0, 0x1f, 0xfc, 0x3, 0xff,
    0x80, 0xff, 0xf8, 0x1c, 0xe7, 0x7, 0x9c, 0xf1,
    0xe3, 0x8e, 0x3c, 0x71, 0xef, 0xe, 0x1c,

    /* U+0417 "З" */
    0x1f, 0x1f, 0xe7, 0x1c, 0x7, 0x1, 0xc3, 0xe0,
    0xf0, 0x3f, 0x1, 0xc0, 0x77, 0x1d, 0xfe, 0x1f,
    0x0,

    /* U+0418 "И" */
    0xe0, 0xfc, 0x3f, 0x8f, 0xf1, 0xfe, 0x7f, 0xcf,
    0xfb, 0xbf, 0xe7, 0xfc, 0xff, 0x1f, 0xe3, 0xf8,
    0x7e, 0xe,

    /* U+0419 "Й" */
    0x31, 0x87, 0xf0, 0x7c, 0x0, 0xe, 0xf, 0xc3,
    0xf8, 0xff, 0x1f, 0xe7, 0xfc, 0xff, 0xbb, 0xfe,
    0x7f, 0xcf, 0xf1, 0xfe, 0x3f, 0x87, 0xe0, 0xe0,

    /* U+041A "К" */
    0xe3, 0xdc, 0x7b, 0x9e, 0x73, 0x8e, 0xf1, 0xfc,
    0x3f, 0x87, 0xf8, 0xe7, 0x1c, 0xf3, 0x8e, 0x71,
    0xee, 0x1e,

    /* U+041B "Л" */
    0x1f, 0xf1, 0xff, 0x1c, 0x71, 0xc7, 0x1c, 0x71,
    0xc7, 0x1c, 0x71, 0xc7, 0x1c, 0x73, 0xc7, 0xf8,
    0x7f, 0x87, 0xf0, 0x70,

    /* U+041C "М" */
    0xf0, 0x3f, 0xe1, 0xff, 0x87, 0xfe, 0x1f, 0xfc,
    0xff, 0xf3, 0xfe, 0xcd, 0xfb, 0xf7, 0xef, 0xdf,
    0x9e, 0x7e, 0x79, 0xf9, 0xe7, 0xe3, 0x1c,

    /* U+041D "Н" */
    0xe0, 0xfc, 0x1f, 0x83, 0xf0, 0x7e, 0xf, 0xff,
    0xff, 0xff, 0x7, 0xe0, 0xfc, 0x1f, 0x83, 0xf0,
    0x7e, 0xe,

    /* U+041E "О" */
    0x1f, 0x7, 0xf1, 0xc7, 0x70, 0x7e, 0xf, 0xc1,
    0xf8, 0x3f, 0x7, 0xe0, 0xfc, 0x1d, 0xc7, 0x1f,
    0xc1, 0xf0,

    /* U+041F "П" */
    0xff, 0xff, 0xff, 0x83, 0xf0, 0x7e, 0xf, 0xc1,
    0xf8, 0x3f, 0x7, 0xe0, 0xfc, 0x1f, 0x83, 0xf0,
    0x7e, 0xe,

    /* U+0420 "Р" */
    0xff, 0x3f, 0xee, 0x3f, 0x87, 0xe1, 0xf8, 0x7f,
    0xfb, 0xfc, 0xe0, 0x38, 0xe, 0x3, 0x80, 0xe0,
    0x0,

    /* U+0421 "С" */
    0x1f, 0x7, 0xf9, 0xc7, 0x70, 0x7e, 0x1, 0xc0,
    0x38, 0x7, 0x0, 0xe0, 0x1c, 0x1d, 0xc7, 0x9f,
    0xe1, 0xf0,

    /* U+0422 "Т" */
    0xff, 0xff, 0xfc, 0x38, 0x7, 0x0, 0xe0, 0x1c,
    0x3, 0x80, 0x70, 0xe, 0x1, 0xc0, 0x38, 0x7,
    0x0, 0xe0,

    /* U+0423 "У" */
    0xe0, 0xfe, 0x39, 0xc7, 0x3d, 0xe3, 0xb8, 0x7f,
    0x7, 0xc0, 0xf8, 0xe, 0x1, 0xc0, 0x38, 0x1e,
    0x3, 0x80,

    /* U+0424 "Ф" */
    0x7, 0x0, 0x38, 0x7, 0xf0, 0xff, 0xe7, 0x77,
    0x73, 0x9f, 0x9c, 0xfc, 0xe7, 0xe7, 0x3f, 0x39,
    0xdd, 0xdc, 0xff, 0xe1, 0xfc, 0x3, 0x80, 0x1c,
    0x0,

    /* U+0425 "Х" */
    0xf0, 0xee, 0x3d, 0xe7, 0x1d, 0xc1, 0xf8, 0x3e,
    0x3, 0xc0, 0xf8, 0x1f, 0x87, 0x71, 0xe7, 0x38,
    0xff, 0xe,

    /* U+0426 "Ц" */
    0xe0, 0xe7, 0x7, 0x38, 0x39, 0xc1, 0xce, 0xe,
    0x70, 0x73, 0x83, 0x9c, 0x1c, 0xe0, 0xe7, 0x7,
    0x38, 0x39, 0xff, 0xff, 0xff, 0x80, 0x1c, 0x0,
    0xe0, 0x7,

    /* U+0427 "Ч" */
    0xe1, 0xf8, 0x7e, 0x1f, 0x87, 0xe1, 0xf8, 0x77,
    0xfc, 0xff, 0x1, 0xc0, 0x70, 0x1c, 0x7, 0x1,
    0xc0,

    /* U+0428 "Ш" */
    0xe3, 0x8f, 0xc7, 0x1f, 0x8e, 0x3f, 0x1c, 0x7e,
    0x38, 0xfc, 0x71, 0xf8, 0xe3, 0xf1, 0xc7, 0xe3,
    0x8f, 0xc7, 0x1f, 0x8e, 0x3f, 0xff, 0xff, 0xff,
    0xe0,

    /* U+0429 "Щ" */
    0xe3, 0x87, 0x71, 0xc3, 0xb8, 0xe1, 0xdc, 0x70,
    0xee, 0x38, 0x77, 0x1c, 0x3b, 0x8e, 0x1d, 0xc7,
    0xe, 0xe3, 0x87, 0x71, 0xc3, 0xb8, 0xe1, 0xdf,
    0xff, 0xff, 0xff, 0xf8, 0x0, 0x1c, 0x0, 0xe,
    0x0, 0x7,

    /* U+042A "Ъ" */
    0xfe, 0x3, 0xf8, 0x0, 0xe0, 0x3, 0x80, 0xe,
    0x0, 0x3f, 0xc0, 0xff, 0x83, 0x8f, 0xe, 0x1c,
    0x38, 0x70, 0xe3, 0xc3, 0xfe, 0xf, 0xf0,

    /* U+042B "Ы" */
    0xe0, 0x1f, 0x80, 0x7e, 0x1, 0xf8, 0x7, 0xe0,
    0x1f, 0xfc, 0x7f, 0xf9, 0xf8, 0xf7, 0xe1, 0xdf,
    0x87, 0x7e, 0x3d, 0xff, 0xe7, 0xfe, 0x1c,

    /* U+042C "Ь" */
    0xe0, 0x38, 0xe, 0x3, 0x80, 0xe0, 0x3f, 0xcf,
    0xfb, 0x8f, 0xe1, 0xf8, 0x7e, 0x3f, 0xfe, 0xfe,
    0x0,

    /* U+042D "Э" */
    0x1f, 0xf, 0xf3, 0xc7, 0x70, 0x70, 0xe, 0x1f,
    0xc3, 0xf8, 0x7, 0xe0, 0xfc, 0x1d, 0xc7, 0x3f,
    0xc1, 0xf0,

    /* U+042E "Ю" */
    0xe1, 0xf1, 0xc7, 0xf3, 0x9c, 0x77, 0x78, 0x7e,
    0xe0, 0xfd, 0xc1, 0xff, 0x83, 0xff, 0x7, 0xee,
    0xf, 0xde, 0x1f, 0x9c, 0x77, 0x1f, 0xce, 0x1f,
    0x0,

    /* U+042F "Я" */
    0x1f, 0xcf, 0xf7, 0x1d, 0xc7, 0x71, 0xdc, 0x73,
    0xfc, 0x7f, 0x39, 0xce, 0x77, 0x1d, 0xc7, 0xf1,
    0xc0,

    /* U+0430 "а" */
    0x3c, 0x7e, 0xe7, 0x7, 0x3f, 0xff, 0xe7, 0xe7,
    0xff, 0x7f,

    /* U+0431 "б" */
    0x3, 0x3, 0x8f, 0xcf, 0x86, 0x7, 0x3, 0x79,
    0xfe, 0xf3, 0xf1, 0xf8, 0xfc, 0x7e, 0x3b, 0xf8,
    0xf8,

    /* U+0432 "в" */
    0xfc, 0x7f, 0xb9, 0xdc, 0xef, 0xf7, 0xfb, 0x8d,
    0xc7, 0xff, 0x7f, 0x0,

    /* U+0433 "г" */
    0xff, 0xff, 0x87, 0xe, 0x1c, 0x38, 0x70, 0xe1,
    0xc0,

    /* U+0434 "д" */
    0x3f, 0xc7, 0xf8, 0xe7, 0x1c, 0xe3, 0x9c, 0x73,
    0x8e, 0x73, 0x8e, 0xff, 0xff, 0xff, 0x83, 0xf0,
    0x7e, 0xe,

    /* U+0435 "е" */
    0x3e, 0x3f, 0xbc, 0xfc, 0x7f, 0xff, 0xff, 0x80,
    0xe2, 0x7f, 0x8f, 0x0,

    /* U+0436 "ж" */
    0xf3, 0x9e, 0xe7, 0x3d, 0xce, 0x71, 0xdd, 0xc3,
    0xff, 0x87, 0xff, 0xf, 0xfe, 0x3d, 0xde, 0x73,
    0x9d, 0xe7, 0x3c,

    /* U+0437 "з" */
    0x3e, 0x3f, 0xdc, 0xe3, 0xf1, 0xf0, 0xfc, 0xe,
    0xe7, 0x7f, 0x1f, 0x0,

    /* U+0438 "и" */
    0xe3, 0xf3, 0xf9, 0xfd, 0xfe, 0xff, 0xdf, 0xef,
    0xe7, 0xf3, 0xf1, 0xc0,

    /* U+0439 "й" */
    0x63, 0x1f, 0x8f, 0x80, 0xe, 0x3f, 0x3f, 0x9f,
    0xdf, 0xef, 0xfd, 0xfe, 0xfe, 0x7f, 0x3f, 0x1c,

    /* U+043A "к" */
    0xe7, 0xf3, 0xbb, 0xdd, 0xcf, 0xe7, 0xf3, 0xf9,
    0xde, 0xe7, 0xf3, 0xc0,

    /* U+043B "л" */
    0x3f, 0xcf, 0xf3, 0x9c, 0xe7, 0x39, 0xce, 0x73,
    0x9f, 0xe7, 0xf1, 0xf8, 0x70,

    /* U+043C "м" */
    0xf0, 0xff, 0xf, 0xf9, 0xff, 0x9f, 0xf9, 0xff,
    0xff, 0xef, 0x7e, 0xf7, 0xef, 0x7e, 0x67,

    /* U+043D "н" */
    0xe3, 0xf1, 0xf8, 0xfc, 0x7f, 0xff, 0xff, 0x8f,
    0xc7, 0xe3, 0xf1, 0xc0,

    /* U+043E "о" */
    0x3e, 0x3f, 0xbd, 0xfc, 0x7e, 0x3f, 0x1f, 0x8f,
    0xef, 0x7f, 0x1f, 0x0,

    /* U+043F "п" */
    0xff, 0xff, 0xf8, 0xfc, 0x7e, 0x3f, 0x1f, 0x8f,
    0xc7, 0xe3, 0xf1, 0xc0,

    /* U+0440 "р" */
    0xee, 0x7f, 0xb9, 0xfc, 0x7e, 0x3f, 0x1f, 0x8f,
    0xcf, 0xff, 0x7f, 0x38, 0x1c, 0xe, 0x7, 0x0,

    /* U+0441 "с" */
    0x3e, 0x3f, 0xb9, 0xdc, 0x6e, 0x7, 0x3, 0x81,
    0xee, 0x7f, 0x1f, 0x0,

    /* U+0442 "т" */
    0xff, 0xff, 0xc7, 0x3, 0x81, 0xc0, 0xe0, 0x70,
    0x38, 0x1c, 0xe, 0x0,

    /* U+0443 "у" */
    0xe3, 0xf1, 0xdd, 0xce, 0xe7, 0x71, 0xf0, 0xf8,
    0x7c, 0x1c, 0xe, 0x7, 0xf, 0x7, 0x83, 0x80,

    /* U+0444 "ф" */
    0x7, 0x0, 0x70, 0x7, 0x0, 0x70, 0x3f, 0xc7,
    0xfe, 0xf7, 0x7e, 0x77, 0xe7, 0x7e, 0x77, 0xe7,
    0x7e, 0x77, 0x7f, 0xe3, 0xfc, 0x7, 0x0, 0x70,
    0x7, 0x0, 0x70,

    /* U+0445 "х" */
    0xf3, 0xbb, 0x8f, 0xc7, 0xc1, 0xe1, 0xf0, 0xf8,
    0xee, 0x77, 0x71, 0xc0,

    /* U+0446 "ц" */
    0xe3, 0xb8, 0xee, 0x3b, 0x8e, 0xe3, 0xb8, 0xee,
    0x3b, 0x8e, 0xff, 0xff, 0xf0, 0x1c, 0x7, 0x1,
    0xc0,

    /* U+0447 "ч" */
    0xe3, 0xf1, 0xf8, 0xfc, 0x7e, 0x3b, 0xfc, 0xfe,
    0x7, 0x3, 0x81, 0xc0,

    /* U+0448 "ш" */
    0xe7, 0x3f, 0x39, 0xf9, 0xcf, 0xce, 0x7e, 0x73,
    0xf3, 0x9f, 0x9c, 0xfc, 0xe7, 0xff, 0xff, 0xff,
    0xc0,

    /* U+0449 "щ" */
    0xe7, 0x39, 0xce, 0x73, 0x9c, 0xe7, 0x39, 0xce,
    0x73, 0x9c, 0xe7, 0x39, 0xce, 0x73, 0x9c, 0xff,
    0xff, 0xff, 0xfc, 0x0, 0x38, 0x0, 0x70, 0x0,
    0xe0,

    /* U+044A "ъ" */
    0xfc, 0xf, 0xc0, 0x1c, 0x1, 0xfc, 0x1f, 0xe1,
    0xc7, 0x1c, 0x71, 0xc7, 0x1f, 0xe1, 0xfc,

    /* U+044B "ы" */
    0xe0, 0x3f, 0x1, 0xf8, 0xf, 0xfc, 0x7f, 0xf3,
    0xf1, 0xdf, 0x8e, 0xfc, 0x77, 0xff, 0x3f, 0xf1,
    0xc0,

    /* U+044C "ь" */
    0xe0, 0x70, 0x38, 0x1f, 0xcf, 0xf7, 0x1f, 0x8f,
    0xc7, 0xff, 0x7f, 0x0,

    /* U+044D "э" */
    0x3e, 0x3f, 0x9c, 0xe0, 0x70, 0xf8, 0x7f, 0x8e,
    0xe7, 0x7f, 0x1f, 0x0,

    /* U+044E "ю" */
    0xe3, 0xe7, 0x3f, 0xbb, 0xdf, 0xdc, 0x7f, 0xe3,
    0xff, 0x1f, 0xb8, 0xfd, 0xef, 0xe7, 0xf7, 0x1f,
    0x0,

    /* U+044F "я" */
    0x3f, 0xbf, 0xf8, 0xfc, 0x7e, 0x3b, 0xfc, 0xfe,
    0xe7, 0x73, 0xf1, 0xc0,

    /* U+0450 "ѐ" */
    0x70, 0x1c, 0x6, 0x0, 0x3, 0xe3, 0xfb, 0xcf,
    0xc7, 0xff, 0xff, 0xf8, 0xe, 0x27, 0xf8, 0xf0,

    /* U+0451 "ё" */
    0xe7, 0x73, 0x80, 0x7, 0xc7, 0xf7, 0x9f, 0x8f,
    0xff, 0xff, 0xf0, 0x1c, 0x4f, 0xf1, 0xe0,

    /* U+0452 "ђ" */
    0x38, 0x1f, 0xc3, 0xf8, 0x1c, 0x3, 0xbc, 0x7f,
    0x8f, 0xf9, 0xc7, 0x38, 0xe7, 0x1c, 0xe3, 0x9c,
    0x73, 0x8e, 0x71, 0xc0, 0x38, 0x7, 0x3, 0xc0,
    0x70,

    /* U+0453 "ѓ" */
    0x1c, 0x70, 0xc0, 0xf, 0xff, 0xf8, 0x70, 0xe1,
    0xc3, 0x87, 0xe, 0x1c, 0x0,

    /* U+0454 "є" */
    0x1e, 0x1f, 0x9c, 0xee, 0x7f, 0xc3, 0xe1, 0xce,
    0xe7, 0x3f, 0xf, 0x0,

    /* U+0455 "ѕ" */
    0x3e, 0x3f, 0x99, 0xce, 0x7, 0xe1, 0xf8, 0x1d,
    0xc6, 0x7f, 0x1f, 0x0,

    /* U+0456 "і" */
    0xff, 0xff, 0xff, 0xff, 0xfe,

    /* U+0457 "ї" */
    0xef, 0xdc, 0x1, 0xc3, 0x87, 0xe, 0x1c, 0x38,
    0x70, 0xe1, 0xc3, 0x80,

    /* U+0458 "ј" */
    0x39, 0xce, 0x73, 0x9c, 0xe7, 0x39, 0xce, 0x73,
    0x9c, 0xfe, 0xe0,

    /* U+0459 "љ" */
    0x3f, 0xc0, 0x3f, 0xc0, 0x39, 0xc0, 0x39, 0xfc,
    0x39, 0xfe, 0x39, 0xc7, 0x39, 0xc7, 0x79, 0xc7,
    0xf1, 0xfe, 0xe1, 0xfc,

    /* U+045A "њ" */
    0xe3, 0x83, 0x8e, 0xe, 0x38, 0x38, 0xfc, 0xff,
    0xfb, 0xfe, 0x7e, 0x39, 0xf8, 0xe7, 0xe3, 0xfb,
    0x8f, 0xc0,

    /* U+045B "ћ" */
    0x38, 0x1f, 0xc3, 0xf8, 0x1c, 0x3, 0xbc, 0x7f,
    0x8f, 0x79, 0xc7, 0x38, 0xe7, 0x1c, 0xe3, 0x9c,
    0x73, 0x8e, 0x71, 0xc0,

    /* U+045C "ќ" */
    0xe, 0x7, 0x7, 0x0, 0xe, 0x7f, 0x3b, 0xbd,
    0xdc, 0xfe, 0x7f, 0x3f, 0x9d, 0xee, 0x7f, 0x3c,

    /* U+045D "ѝ" */
    0x78, 0x1c, 0x7, 0x0, 0xe, 0x3f, 0x3f, 0x9f,
    0xdf, 0xef, 0xfd, 0xfe, 0xfe, 0x7f, 0x3f, 0x1c,

    /* U+045E "ў" */
    0x66, 0x3f, 0xf, 0x0, 0xe, 0x3f, 0x3d, 0xdc,
    0xee, 0x77, 0x1f, 0xf, 0x87, 0xc1, 0xc0, 0xe0,
    0x70, 0xf0, 0x78, 0x38, 0x0,

    /* U+045F "џ" */
    0xe3, 0xf1, 0xf8, 0xfc, 0x7e, 0x3f, 0x1f, 0x8f,
    0xc7, 0xff, 0xff, 0xc7, 0x3, 0x81, 0xc0, 0xe0,

    /* U+0460 "Ѡ" */
    0xe3, 0xc7, 0xe3, 0xc7, 0xe3, 0xc7, 0xe3, 0xc7,
    0xe3, 0xc7, 0xe3, 0xc7, 0xe3, 0xc7, 0xe3, 0xc7,
    0xe3, 0xc7, 0xe3, 0xc7, 0xe3, 0xc7, 0x7f, 0xfe,
    0x3e, 0x7c,

    /* U+0461 "ѡ" */
    0xe7, 0x9f, 0x9e, 0x7e, 0x79, 0xf9, 0xe7, 0xe7,
    0x9f, 0x9e, 0x7e, 0x79, 0xf9, 0xe7, 0x7f, 0xf8,
    0xf3, 0xc0,

    /* U+0462 "Ѣ" */
    0x38, 0xf, 0xe0, 0xfe, 0x3, 0x80, 0x38, 0x3,
    0xfc, 0x3f, 0xe3, 0x8f, 0x38, 0x73, 0x87, 0x38,
    0xf3, 0xfe, 0x3f, 0x80,

    /* U+0463 "ѣ" */
    0x70, 0x1c, 0xf, 0xc3, 0xf0, 0x70, 0x1c, 0x7,
    0x1, 0xfc, 0x7f, 0x9c, 0x77, 0x1d, 0xc7, 0x7f,
    0x9f, 0xc0,

    /* U+0464 "Ѥ" */
    0xe0, 0xf9, 0xc3, 0xfb, 0x8e, 0x7f, 0x38, 0x7e,
    0x70, 0x1f, 0xfc, 0x3f, 0xf8, 0x73, 0x80, 0xe7,
    0xf, 0xce, 0x1f, 0x8e, 0x7f, 0x1f, 0xee, 0xf,
    0x80,

    /* U+0465 "ѥ" */
    0xe3, 0xe7, 0x3f, 0xbb, 0xdd, 0xdc, 0x6f, 0xfc,
    0x7f, 0xe3, 0xb8, 0x1d, 0xe6, 0xe7, 0xf7, 0x1f,
    0x0,

    /* U+0466 "Ѧ" */
    0xf, 0x80, 0xf8, 0xf, 0x81, 0xf8, 0x1d, 0xc1,
    0xdc, 0x3d, 0xc3, 0xfe, 0x3f, 0xe7, 0xfe, 0x77,
    0xf7, 0x77, 0xf7, 0x70,

    /* U+0467 "ѧ" */
    0x1e, 0x7, 0x83, 0xf0, 0xfc, 0x3f, 0x1c, 0xe7,
    0xf9, 0xfe, 0xed, 0xfb, 0x70,

    /* U+0468 "Ѩ" */
    0xe1, 0xf0, 0xe1, 0xf0, 0xe1, 0xf8, 0xe1, 0xf8,
    0xe3, 0xb8, 0xe3, 0xbc, 0xe3, 0x9c, 0xff, 0xfc,
    0xff, 0xfe, 0xe7, 0xee, 0xee, 0xee, 0xee, 0xef,
    0xee, 0xe7,

    /* U+0469 "ѩ" */
    0xe1, 0xe3, 0x8f, 0x8e, 0x3f, 0x38, 0xfc, 0xe7,
    0xf3, 0x9c, 0xef, 0xff, 0xbf, 0xfe, 0xee, 0xdf,
    0xbb, 0x70,

    /* U+046A "Ѫ" */
    0x3f, 0xf8, 0xff, 0xc1, 0xc7, 0x3, 0xb8, 0xe,
    0xe0, 0x1f, 0x3, 0xff, 0x1f, 0xfe, 0xe3, 0x9f,
    0x8e, 0x7e, 0x39, 0xf8, 0xe7, 0xe3, 0x9c,

    /* U+046B "ѫ" */
    0x7f, 0xe7, 0xfc, 0x3b, 0x83, 0xb8, 0x1f, 0x3,
    0xfc, 0xff, 0xee, 0xe7, 0xee, 0x7e, 0xe7,

    /* U+046C "Ѭ" */
    0xe1, 0xff, 0xdc, 0x3f, 0xf3, 0x83, 0x8e, 0x70,
    0x3b, 0x8e, 0x7, 0x71, 0xc0, 0x7c, 0x3f, 0xff,
    0xe7, 0xff, 0xfe, 0xe7, 0x1c, 0xfc, 0xe3, 0x9f,
    0x9c, 0x73, 0xf3, 0x8e, 0x7e, 0x71, 0xce,

    /* U+046D "ѭ" */
    0xe3, 0xfe, 0xe1, 0xfc, 0xe1, 0xdc, 0xe0, 0xd8,
    0xff, 0xfc, 0xff, 0xfe, 0xe7, 0x77, 0xe7, 0x77,
    0xe7, 0x77, 0xe7, 0x77,

    /* U+046E "Ѯ" */
    0x63, 0x1b, 0x7, 0x0, 0x0, 0x3, 0xe1, 0xf8,
    0xe, 0x7, 0x3, 0x8f, 0x87, 0xc3, 0xf0, 0x1c,
    0xe, 0x7, 0x7f, 0x7f, 0x38, 0x1c, 0x7, 0x1,
    0x80,

    /* U+046F "ѯ" */
    0x76, 0x3c, 0x8, 0x0, 0x7c, 0x7e, 0x7, 0xe,
    0x3c, 0x3f, 0x3, 0x7, 0x7f, 0xfc, 0xe0, 0xe0,
    0x70, 0x0,

    /* U+0470 "Ѱ" */
    0xe7, 0x3f, 0x39, 0xf9, 0xcf, 0xce, 0x7e, 0x73,
    0xf3, 0x9d, 0xdd, 0xcf, 0xfe, 0x1f, 0xc0, 0x38,
    0x1, 0xc0, 0xe, 0x0, 0x70, 0x0,

    /* U+0471 "ѱ" */
    0xe7, 0x77, 0x39, 0xf9, 0xcf, 0xce, 0x7e, 0x73,
    0xf3, 0x9f, 0x9c, 0xee, 0xee, 0x3f, 0xe0, 0xfe,
    0x1, 0xc0, 0xe, 0x0, 0x70, 0x3, 0x80,

    /* U+0472 "Ѳ" */
    0x1f, 0x7, 0xf1, 0xc7, 0x70, 0x7e, 0xf, 0xff,
    0xff, 0xff, 0x7, 0xe0, 0xfe, 0x3d, 0xc7, 0x1f,
    0xc1, 0xf0,

    /* U+0473 "ѳ" */
    0x3e, 0x3f, 0xb9, 0xfc, 0x7f, 0xff, 0xff, 0x8f,
    0xc7, 0x7f, 0x1f, 0x0,

    /* U+0474 "Ѵ" */
    0xe0, 0x7c, 0x1f, 0x87, 0x38, 0xe7, 0x18, 0xe3,
    0xc, 0xe1, 0xdc, 0x3b, 0x3, 0xe0, 0x7c, 0xf,
    0x0, 0xe0,

    /* U+0475 "ѵ" */
    0xe1, 0xf1, 0xdd, 0xce, 0xe7, 0x61, 0xb0, 0xf8,
    0x7c, 0x3c, 0xe, 0x0,

    /* U+0476 "Ѷ" */
    0x6e, 0x6, 0xe0, 0x0, 0x70, 0x3e, 0xf, 0xc3,
    0x9c, 0x73, 0x8c, 0x71, 0x86, 0x70, 0xee, 0x1d,
    0x81, 0xf0, 0x3e, 0x7, 0x80, 0x70,

    /* U+0477 "ѷ" */
    0xee, 0x1b, 0x80, 0x0, 0xe, 0x1f, 0x1d, 0xdc,
    0xee, 0x76, 0x1b, 0xf, 0x87, 0xc3, 0xc0, 0xe0,

    /* U+0478 "Ѹ" */
    0x1f, 0x0, 0x1, 0xfc, 0x0, 0x1c, 0x70, 0x1,
    0xc1, 0xdc, 0x7e, 0xe, 0xe3, 0xf0, 0x73, 0xbb,
    0x83, 0x9d, 0xdc, 0x1c, 0xee, 0xe0, 0xe3, 0xe7,
    0x7, 0x1f, 0x1c, 0x70, 0xf8, 0x7f, 0x3, 0x81,
    0xf0, 0x1c, 0x0, 0x0, 0xe0, 0x0, 0x1e, 0x0,
    0x0, 0xf0, 0x0, 0x7, 0x0,

    /* U+0479 "ѹ" */
    0x3e, 0x38, 0xef, 0xe7, 0x1f, 0xde, 0xf7, 0x71,
    0xce, 0xee, 0x39, 0xdd, 0xc7, 0x3f, 0x38, 0xe3,
    0xe7, 0xbc, 0x7c, 0x7f, 0x7, 0x7, 0xc0, 0xe0,
    0x0, 0x1c, 0x0, 0xf, 0x0, 0x1, 0xe0, 0x0,
    0x38, 0x0,

    /* U+047A "Ѻ" */
    0xc, 0x3, 0xe0, 0xfe, 0x3e, 0xee, 0xf, 0xc1,
    0xf8, 0x3f, 0x7, 0xe0, 0xfc, 0x1f, 0x83, 0xbe,
    0xe3, 0xf8, 0x3e, 0x3, 0x0,

    /* U+047B "ѻ" */
    0x8, 0x1f, 0x1f, 0xdf, 0xfe, 0x3f, 0x1f, 0x8f,
    0xc7, 0xff, 0xbf, 0x8f, 0x81, 0x0,

    /* U+047C "Ѽ" */
    0x3, 0x80, 0x2, 0x60, 0x2, 0x30, 0x0, 0x80,
    0x38, 0x9c, 0x79, 0x1e, 0xf0, 0xf, 0xe0, 0x7,
    0xe0, 0x7, 0xe0, 0x7, 0xe1, 0xc7, 0xe1, 0xc7,
    0xe1, 0xc7, 0xe1, 0xc7, 0xf3, 0xcf, 0x7f, 0xfe,
    0x3e, 0x7c,

    /* U+047D "ѽ" */
    0x7, 0x0, 0x66, 0x0, 0x40, 0x76, 0xc7, 0x87,
    0x70, 0x1f, 0x80, 0xfc, 0xe7, 0xe7, 0x3f, 0x39,
    0xf9, 0xee, 0xff, 0xe3, 0xce, 0x0,

    /* U+047E "Ѿ" */
    0xf, 0xf0, 0xf, 0xf0, 0x1, 0x80, 0x0, 0x0,
    0xe3, 0xc7, 0xe3, 0xc7, 0xe3, 0xc7, 0xe3, 0xc7,
    0xe3, 0xc7, 0xe3, 0xc7, 0xe3, 0xc7, 0xe3, 0xc7,
    0xe3, 0xc7, 0xe3, 0xc7, 0xe3, 0xc7, 0x7f, 0xfe,
    0x3e, 0x7c,

    /* U+047F "ѿ" */
    0xf, 0xe0, 0x3f, 0x80, 0x30, 0x39, 0xe7, 0xe7,
    0x9f, 0x9e, 0x7e, 0x79, 0xf9, 0xe7, 0xe7, 0x9f,
    0x9e, 0x7e, 0x79, 0xdf, 0xfe, 0x3c, 0xf0,

    /* U+0480 "Ҁ" */
    0x1f, 0x1f, 0xe7, 0x1f, 0x87, 0xe0, 0x38, 0xe,
    0x3, 0x80, 0xe0, 0x38, 0x7, 0x1, 0xf8, 0x1e,
    0x3, 0x80, 0xe0, 0x38,

    /* U+0481 "ҁ" */
    0x3e, 0x3f, 0xbc, 0xdc, 0x6e, 0x7, 0x3, 0x80,
    0xe0, 0x7e, 0xf, 0x3, 0x81, 0xc0, 0xe0,

    /* U+0482 "҂" */
    0x1, 0x1, 0x8e, 0x81, 0xc0, 0x70, 0x6f, 0x20,
    0xf0, 0x38, 0x17, 0x18, 0x8, 0x0,

    /* U+0483 "҃" */
    0x7, 0xff, 0x0,

    /* U+0484 "҄" */
    0x1f, 0xc4,

    /* U+0485 "҅" */
    0xd9, 0x0,

    /* U+0486 "҆" */
    0x6f, 0x0,

    /* U+0488 "҈" */
    0x1, 0xc0, 0x0, 0xa0, 0xe, 0x3, 0x85, 0x1,
    0x40, 0x0, 0x0, 0x0, 0x0, 0x0, 0x1, 0xc0,
    0x7, 0xa0, 0x2, 0x80, 0x0, 0x0, 0x0, 0x0,
    0x0, 0x3, 0x80, 0xe0, 0x40, 0x50, 0x7, 0x0,
    0x2, 0x80,

    /* U+0489 "҉" */
    0x0, 0x80, 0x0, 0x80, 0x21, 0x0, 0x10, 0xc,
    0x18, 0x18, 0x0, 0x0, 0x0, 0x0, 0x0, 0x0,
    0xe0, 0x7, 0x0, 0x0, 0x0, 0x0, 0x0, 0x0,
    0x0, 0x8, 0x18, 0x8, 0x20, 0x88, 0x1, 0x0,
    0x1, 0x0,

    /* U+048A "Ҋ" */
    0x31, 0x81, 0xf8, 0x7, 0x80, 0x0, 0xe, 0xe,
    0x70, 0xf3, 0x8f, 0x9c, 0x7c, 0xe7, 0xe7, 0x3f,
    0x3b, 0xb9, 0xf9, 0xcf, 0xce, 0x7c, 0x73, 0xe3,
    0x9e, 0x1f, 0xe0, 0xf8, 0x1, 0xc0, 0xe, 0x0,
    0x60, 0x3, 0x0,

    /* U+048B "ҋ" */
    0x62, 0xf, 0xc0, 0xf0, 0x0, 0xe, 0x39, 0xcf,
    0x39, 0xe7, 0x7c, 0xef, 0x9f, 0x73, 0xee, 0x79,
    0xcf, 0x3f, 0xc7, 0xc0, 0x38, 0x7, 0x0, 0xc0,
    0x18,

    /* U+048C "Ҍ" */
    0x38, 0xf, 0xe0, 0xfe, 0x3, 0x80, 0x38, 0x3,
    0xfc, 0x3f, 0xe3, 0x8f, 0x38, 0x73, 0x87, 0x38,
    0xf3, 0xfe, 0x3f, 0x80,

    /* U+048D "ҍ" */
    0x70, 0x1c, 0xf, 0xc3, 0xf0, 0x70, 0x1c, 0x7,
    0x1, 0xc0, 0x7f, 0x1f, 0xe7, 0x1d, 0xc7, 0x71,
    0xdf, 0xe7, 0xf0,

    /* U+048E "Ҏ" */
    0xff, 0x3f, 0xee, 0x3f, 0x87, 0xe5, 0xf8, 0xff,
    0xfb, 0xfe, 0xe0, 0xb8, 0xe, 0x3, 0x80, 0xe0,
    0x0,

    /* U+048F "ҏ" */
    0xee, 0x7f, 0xb9, 0xfc, 0x7e, 0x3f, 0x1f, 0xbf,
    0xcf, 0xff, 0x7f, 0xb8, 0x1c, 0xe, 0x7, 0x0,

    /* U+0490 "Ґ" */
    0x3, 0x81, 0xc0, 0xe0, 0x7f, 0xff, 0xff, 0x81,
    0xc0, 0xe0, 0x70, 0x38, 0x1c, 0xe, 0x7, 0x3,
    0x81, 0xc0, 0xe0, 0x0,

    /* U+0491 "ґ" */
    0xe, 0x1c, 0x3f, 0xff, 0xfc, 0x38, 0x70, 0xe1,
    0xc3, 0x87, 0xe, 0x0,

    /* U+0492 "Ғ" */
    0x3f, 0xe7, 0xfc, 0xe0, 0x1c, 0x3, 0x81, 0xfc,
    0x3f, 0x81, 0xc0, 0x38, 0x7, 0x0, 0xe0, 0x1c,
    0x3, 0x80,

    /* U+0493 "ғ" */
    0x3f, 0x9f, 0xce, 0x7, 0xf, 0xe7, 0xf0, 0xe0,
    0x70, 0x38, 0x1c, 0x0,

    /* U+0494 "Ҕ" */
    0xff, 0xbf, 0xee, 0x3, 0x80, 0xe0, 0x38, 0xf,
    0xe3, 0xfe, 0xe3, 0xb8, 0x7e, 0x1f, 0x87, 0xe1,
    0xc0, 0xe0, 0x78, 0x18,

    /* U+0495 "ҕ" */
    0xfc, 0xfc, 0xe0, 0xe0, 0xfc, 0xfe, 0xef, 0xe7,
    0xe7, 0xe7, 0xe, 0xe, 0x0,

    /* U+0496 "Җ" */
    0x70, 0xe3, 0xc7, 0x8e, 0x3c, 0x38, 0xe7, 0x83,
    0xce, 0x70, 0x1c, 0xef, 0x0, 0xff, 0xe0, 0xf,
    0xfe, 0x1, 0xff, 0xf0, 0x1c, 0xe7, 0x3, 0xce,
    0x78, 0x78, 0xe3, 0x87, 0x8e, 0x3f, 0xf0, 0xe1,
    0xf0, 0x0, 0x7, 0x0, 0x0, 0x70, 0x0, 0x7,

    /* U+0497 "җ" */
    0xf3, 0x8e, 0x39, 0xcf, 0x1c, 0xe7, 0x7, 0x77,
    0x83, 0xff, 0x81, 0xff, 0xc0, 0xff, 0xf0, 0xf7,
    0x38, 0x73, 0x9f, 0xf9, 0xc7, 0xc0, 0x0, 0xe0,
    0x0, 0x70, 0x0, 0x38,

    /* U+0498 "Ҙ" */
    0x3e, 0x3f, 0xb8, 0xe0, 0x70, 0x38, 0xf8, 0x78,
    0x3f, 0x3, 0xf1, 0xfd, 0xef, 0xe3, 0xe0, 0xe0,
    0x70, 0x38, 0x1c, 0xe, 0x0,

    /* U+0499 "ҙ" */
    0x3e, 0xff, 0xe7, 0x1f, 0x1e, 0x1f, 0x7, 0xe7,
    0xfe, 0x3c, 0x1c, 0x1c, 0x1c, 0x1c, 0x1c,

    /* U+049A "Қ" */
    0xe3, 0xce, 0x38, 0xe7, 0x8e, 0x70, 0xef, 0xf,
    0xe0, 0xfe, 0xf, 0xf0, 0xe7, 0xe, 0x78, 0xe3,
    0x8e, 0x3f, 0xe1, 0xf0, 0x7, 0x0, 0x70, 0x7,

    /* U+049B "қ" */
    0xe7, 0x9c, 0xf3, 0x9c, 0x77, 0xf, 0xe1, 0xfc,
    0x3f, 0xc7, 0x78, 0xe7, 0xfc, 0xfc, 0x3, 0x80,
    0x70, 0xe,

    /* U+049C "Ҝ" */
    0xe1, 0xfc, 0x3b, 0x8f, 0x7d, 0xcf, 0xf9, 0xfe,
    0x3f, 0xc7, 0xfc, 0xfb, 0x9f, 0x7b, 0x8f, 0x70,
    0xfe, 0x1e,

    /* U+049D "ҝ" */
    0xe3, 0xf8, 0xee, 0xbb, 0xae, 0xff, 0x3f, 0xcf,
    0xf3, 0xae, 0xe3, 0xb8, 0xf0,

    /* U+049E "Ҟ" */
    0x38, 0x77, 0xf7, 0xbf, 0xb8, 0x73, 0xc3, 0x9c,
    0x1f, 0xe0, 0xfe, 0x7, 0xf8, 0x39, 0xe1, 0xc7,
    0xe, 0x3c, 0x70, 0xe3, 0x87, 0x80,

    /* U+049F "ҟ" */
    0x38, 0x1f, 0xc3, 0xf8, 0x1c, 0x3, 0x9e, 0x73,
    0x8e, 0xe1, 0xdc, 0x3f, 0x7, 0xf0, 0xee, 0x1d,
    0xe3, 0x9c, 0x71, 0xc0,

    /* U+04A0 "Ҡ" */
    0xfe, 0x3d, 0xfc, 0x78, 0x39, 0xe0, 0x73, 0x80,
    0xef, 0x1, 0xfc, 0x3, 0xf8, 0x7, 0xf8, 0xe,
    0x70, 0x1c, 0xf0, 0x38, 0xe0, 0x71, 0xe0, 0xe1,
    0xe0,

    /* U+04A1 "ҡ" */
    0xfe, 0x7f, 0xf3, 0x83, 0xbc, 0x1d, 0xc0, 0xfe,
    0x7, 0xf0, 0x3f, 0x81, 0xde, 0xe, 0x78, 0x73,
    0xc0,

    /* U+04A2 "Ң" */
    0xe0, 0xe7, 0x7, 0x38, 0x39, 0xc1, 0xce, 0xe,
    0x7f, 0xf3, 0xff, 0x9c, 0x1c, 0xe0, 0xe7, 0x7,
    0x38, 0x39, 0xc1, 0xfe, 0xf, 0x80, 0x1c, 0x0,
    0xe0, 0x7,

    /* U+04A3 "ң" */
    0xe3, 0x9c, 0x73, 0x8e, 0x71, 0xcf, 0xf9, 0xff,
    0x38, 0xe7, 0x1c, 0xe3, 0xfc, 0x7c, 0x3, 0x80,
    0x70, 0xe,

    /* U+04A4 "Ҥ" */
    0xe0, 0xff, 0xe0, 0xff, 0xe0, 0xe0, 0xe0, 0xe0,
    0xe0, 0xe0, 0xff, 0xe0, 0xff, 0xe0, 0xe0, 0xe0,
    0xe0, 0xe0, 0xe0, 0xe0, 0xe0, 0xe0, 0xe0, 0xe0,
    0xe0, 0xe0,

    /* U+04A5 "ҥ" */
    0xe3, 0xfe, 0x3f, 0xe3, 0x8e, 0x38, 0xff, 0x8f,
    0xf8, 0xe3, 0x8e, 0x38, 0xe3, 0x8e, 0x38,

    /* U+04A6 "Ҧ" */
    0xff, 0xe0, 0x3f, 0xf8, 0xe, 0xe, 0x3, 0x83,
    0x80, 0xe0, 0xe0, 0x38, 0x38, 0xe, 0xf, 0xe3,
    0x83, 0xfe, 0xe0, 0xe3, 0xb8, 0x38, 0x7e, 0xe,
    0x1f, 0x83, 0x87, 0xe0, 0xe1, 0xc0, 0x0, 0xe0,
    0x0, 0x78, 0x0, 0x18,

    /* U+04A7 "ҧ" */
    0xff, 0x83, 0xfe, 0xe, 0x38, 0x38, 0xe0, 0xe3,
    0xf3, 0x8f, 0xee, 0x3b, 0xf8, 0xe7, 0xe3, 0x9f,
    0x8e, 0x70, 0x3, 0x80, 0xc, 0x0, 0x0,

    /* U+04A8 "Ҩ" */
    0x19, 0xe3, 0xdf, 0x9d, 0xcd, 0xce, 0x7e, 0x73,
    0xf3, 0x9f, 0x9c, 0xfc, 0xe7, 0xe7, 0x3f, 0x9f,
    0x9e, 0xfc, 0x7f, 0xf0, 0xfb, 0x80,

    /* U+04A9 "ҩ" */
    0x33, 0x8e, 0xfb, 0xb3, 0xf6, 0x7e, 0xcf, 0xd9,
    0xfb, 0xbb, 0xbf, 0x7f, 0xe3, 0xfc,

    /* U+04AA "Ҫ" */
    0x1f, 0x7, 0xf9, 0xc7, 0xf0, 0x7e, 0x1, 0xc0,
    0x38, 0x7, 0x0, 0xe0, 0xfc, 0x1d, 0xef, 0x1f,
    0xe1, 0xf0, 0x1c, 0x3, 0x80, 0x70, 0xe, 0x0,

    /* U+04AB "ҫ" */
    0x3e, 0x3f, 0xb9, 0xdc, 0x6e, 0x7, 0x3, 0x8f,
    0xee, 0x7f, 0x1f, 0x7, 0x3, 0x81, 0xc0, 0xe0,

    /* U+04AC "Ҭ" */
    0xff, 0xff, 0xfc, 0x38, 0x7, 0x0, 0xe0, 0x1c,
    0x3, 0x80, 0x70, 0xe, 0x1, 0xc0, 0x38, 0x7,
    0xc0, 0xf8, 0x7, 0x0, 0xe0, 0x1c,

    /* U+04AD "ҭ" */
    0xff, 0xff, 0xc7, 0x3, 0x81, 0xc0, 0xe0, 0x70,
    0x38, 0x1f, 0xf, 0x81, 0xc0, 0xe0, 0x70,

    /* U+04AE "Ү" */
    0xe0, 0xee, 0x39, 0xc7, 0x1d, 0xc3, 0xb8, 0x36,
    0x7, 0xc0, 0x70, 0xe, 0x1, 0xc0, 0x38, 0x7,
    0x0, 0xe0,

    /* U+04AF "ү" */
    0xe3, 0xf1, 0xdd, 0xce, 0xe7, 0x71, 0xb0, 0xf8,
    0x7c, 0x1e, 0xe, 0x7, 0x3, 0x81, 0xc0, 0xe0,

    /* U+04B0 "Ұ" */
    0x70, 0xef, 0x1c, 0xe7, 0x1e, 0xe1, 0xd8, 0x1f,
    0x7, 0xe0, 0xfc, 0x7, 0x0, 0xe0, 0x1c, 0x3,
    0x80, 0x70,

    /* U+04B1 "ұ" */
    0xe3, 0xf1, 0xdd, 0xee, 0xe7, 0x71, 0xb8, 0xf8,
    0x7c, 0x7f, 0x3f, 0x87, 0x3, 0x81, 0xc0, 0xe0,

    /* U+04B2 "Ҳ" */
    0xf1, 0xe7, 0x1c, 0x7b, 0xc3, 0xb8, 0x3f, 0x81,
    0xf0, 0x1f, 0x1, 0xf0, 0x3f, 0x83, 0xb8, 0x7b,
    0xc7, 0x1f, 0xf1, 0xf0, 0x7, 0x0, 0x70, 0x7,

    /* U+04B3 "ҳ" */
    0x73, 0x9d, 0xe3, 0xf0, 0xfc, 0x1e, 0x7, 0x83,
    0xf0, 0xfc, 0x73, 0xdc, 0xf0, 0x1c, 0x7, 0x1,
    0xc0,

    /* U+04B4 "Ҵ" */
    0xff, 0x9c, 0xff, 0x9c, 0x1c, 0x1c, 0x1c, 0x1c,
    0x1c, 0x1c, 0x1c, 0x1c, 0x1c, 0x1c, 0x1c, 0x1c,
    0x1c, 0x1c, 0x1c, 0x1c, 0x1c, 0x1c, 0x1f, 0xff,
    0x1f, 0xff, 0x0, 0x7, 0x0, 0x7, 0x0, 0x7,

    /* U+04B5 "ҵ" */
    0xfe, 0xef, 0xee, 0x38, 0xe3, 0x8e, 0x38, 0xe3,
    0x8e, 0x38, 0xe3, 0x8e, 0x3f, 0xf3, 0xff, 0x0,
    0x70, 0x7, 0x0, 0x70,

    /* U+04B6 "Ҷ" */
    0xe1, 0xc7, 0xe, 0x38, 0x71, 0xc3, 0x8e, 0x1c,
    0x70, 0xe1, 0xff, 0x7, 0xf8, 0x1, 0xc0, 0xe,
    0x0, 0x70, 0x3, 0xf0, 0x1f, 0x80, 0x1c, 0x0,
    0xe0, 0x7,

    /* U+04B7 "ҷ" */
    0xe3, 0x9c, 0x73, 0x8e, 0x71, 0xce, 0x38, 0xff,
    0xf, 0xe0, 0x1c, 0x3, 0xe0, 0x7c, 0x3, 0x80,
    0x70, 0xe,

    /* U+04B8 "Ҹ" */
    0xe1, 0xf8, 0x7e, 0x1f, 0xb7, 0xed, 0xfb, 0x77,
    0xfc, 0xff, 0xd, 0xc3, 0x70, 0x1c, 0x7, 0x1,
    0xc0,

    /* U+04B9 "ҹ" */
    0xe3, 0xf1, 0xfe, 0xff, 0x7f, 0xbb, 0xfc, 0xfe,
    0x37, 0x3, 0x81, 0xc0,

    /* U+04BA "Һ" */
    0xe0, 0x38, 0xe, 0x3, 0x80, 0xe0, 0x3f, 0xcf,
    0xfb, 0x87, 0xe1, 0xf8, 0x7e, 0x1f, 0x87, 0xe1,
    0xc0,

    /* U+04BB "һ" */
    0xe0, 0x70, 0x38, 0x1c, 0xe, 0xf7, 0xfb, 0x8f,
    0xc7, 0xe3, 0xf1, 0xf8, 0xfc, 0x7e, 0x3f, 0x1c,

    /* U+04BC "Ҽ" */
    0x3, 0xc0, 0x7f, 0x83, 0x9d, 0xb8, 0x7d, 0xc3,
    0xbf, 0xfc, 0xff, 0xe3, 0x80, 0x1c, 0x0, 0xe0,
    0x3, 0x84, 0x1f, 0xe0, 0x3f, 0x0,

    /* U+04BD "ҽ" */
    0x7, 0x80, 0xfe, 0xdc, 0xef, 0xc6, 0x7f, 0xe3,
    0xff, 0x1c, 0x1, 0xc4, 0xf, 0xe0, 0x7c,

    /* U+04BE "Ҿ" */
    0x3, 0xc0, 0x7f, 0x83, 0x9d, 0xb8, 0x7d, 0xc3,
    0xbf, 0xfc, 0xff, 0xe3, 0x80, 0x1c, 0x0, 0xf0,
    0x3, 0xfc, 0x1f, 0xe0, 0x3f, 0x0, 0xe0, 0x7,
    0x0, 0x38, 0x1, 0xc0,

    /* U+04BF "ҿ" */
    0x7, 0x80, 0xfe, 0xde, 0x6f, 0xc6, 0x7f, 0xe3,
    0xff, 0x1c, 0x1, 0xe6, 0xf, 0xe0, 0x7c, 0x3,
    0x80, 0x38, 0x3, 0x80, 0x38,

    /* U+04C0 "Ӏ" */
    0xff, 0xff, 0xff, 0xff, 0xfe,

    /* U+04C1 "Ӂ" */
    0x3, 0x30, 0x0, 0x7e, 0x0, 0x7, 0x80, 0x0,
    0x0, 0xf, 0xe, 0x3c, 0xf1, 0xc7, 0x8e, 0x39,
    0xe1, 0xe7, 0x38, 0x1c, 0xef, 0x1, 0xff, 0xc0,
    0x7f, 0xf8, 0xf, 0xff, 0x83, 0xce, 0x70, 0x71,
    0xcf, 0x1e, 0x38, 0xe3, 0xc7, 0x1e, 0xf0, 0xe1,
    0xc0,

    /* U+04C2 "ӂ" */
    0x6, 0x60, 0xf, 0xc0, 0xf, 0x0, 0x0, 0xf,
    0x38, 0xee, 0x73, 0xde, 0xe7, 0x1d, 0xdc, 0x3f,
    0xf8, 0x3f, 0xf0, 0xff, 0xe3, 0xdd, 0xe7, 0x39,
    0xfe, 0x71, 0xc0,

    /* U+04C3 "Ӄ" */
    0xe3, 0xdc, 0x7b, 0x9e, 0x73, 0x8e, 0xf1, 0xdc,
    0x3f, 0xc7, 0xfe, 0xe1, 0xdc, 0x1f, 0x83, 0xf0,
    0x7e, 0xe, 0x1, 0xc0, 0x70, 0x1e, 0x3, 0x0,

    /* U+04C4 "ӄ" */
    0xe7, 0xf3, 0xbb, 0x9d, 0xcf, 0xc7, 0xfb, 0x9f,
    0xc7, 0xe3, 0xf1, 0xc1, 0xe0, 0xe0, 0x60,

    /* U+04C5 "Ӆ" */
    0x1f, 0xf0, 0x7f, 0xc1, 0xc7, 0x7, 0x1c, 0x1c,
    0x70, 0x71, 0xc1, 0xc7, 0x7, 0x1c, 0x1c, 0x70,
    0xf1, 0xc7, 0x87, 0x3e, 0x1f, 0xf0, 0x7c, 0x0,
    0x70, 0x1, 0xc0, 0x6, 0x0, 0x18,

    /* U+04C6 "ӆ" */
    0x3f, 0xc3, 0xfc, 0x39, 0xc3, 0x9c, 0x39, 0xc3,
    0x9c, 0x39, 0xc7, 0x9c, 0xf1, 0xfe, 0x1f, 0x0,
    0x70, 0x7, 0x0, 0x60, 0x6,

    /* U+04C7 "Ӈ" */
    0xe0, 0xfc, 0x1f, 0x83, 0xf0, 0x7e, 0xf, 0xc1,
    0xff, 0xff, 0xff, 0xe0, 0xfc, 0x1f, 0x83, 0xf0,
    0x7e, 0xe, 0x1, 0xc0, 0x38, 0x1e, 0x3, 0x80,

    /* U+04C8 "ӈ" */
    0xe3, 0xf1, 0xf8, 0xfc, 0x7f, 0xff, 0xff, 0x8f,
    0xc7, 0xe3, 0xf1, 0xc0, 0xe0, 0x70, 0xf0, 0x70,

    /* U+04C9 "Ӊ" */
    0xe0, 0xe7, 0x7, 0x38, 0x39, 0xc1, 0xce, 0xe,
    0x7f, 0xf3, 0xff, 0x9c, 0x1c, 0xe0, 0xe7, 0x7,
    0x38, 0x39, 0xc1, 0xfe, 0xf, 0x80, 0x1c, 0x0,
    0xe0, 0x6, 0x0, 0x30,

    /* U+04CA "ӊ" */
    0xe3, 0x9c, 0x73, 0x8e, 0x71, 0xcf, 0xf9, 0xff,
    0x38, 0xe7, 0x1c, 0xe3, 0xfc, 0x7c, 0x3, 0x80,
    0x70, 0xc, 0x1, 0x80,

    /* U+04CB "Ӌ" */
    0xe1, 0xf8, 0x7e, 0x1f, 0x87, 0xe1, 0xfc, 0x77,
    0xfc, 0xff, 0x1, 0xc0, 0x70, 0x1c, 0x1f, 0x7,
    0xc1, 0xc0, 0x70, 0x1c,

    /* U+04CC "ӌ" */
    0xe3, 0xf1, 0xf8, 0xfc, 0x7e, 0x3b, 0xfc, 0xfe,
    0x7, 0x1f, 0x8f, 0xc7, 0x3, 0x81, 0xc0,

    /* U+04CD "Ӎ" */
    0xf0, 0x3c, 0xf8, 0x7c, 0xf8, 0x7c, 0xf8, 0x7c,
    0xfc, 0xfc, 0xfc, 0xdc, 0xec, 0xdc, 0xef, 0xdc,
    0xef, 0x9c, 0xe7, 0x9c, 0xe7, 0x9c, 0xe7, 0x1f,
    0xe3, 0x1f, 0x0, 0x7, 0x0, 0x7, 0x0, 0x6,
    0x0, 0x6,

    /* U+04CE "ӎ" */
    0xf0, 0xf3, 0xc3, 0xcf, 0x9f, 0x3e, 0x7c, 0xf9,
    0xf3, 0xfd, 0xce, 0xf7, 0x3b, 0xdc, 0xee, 0x7f,
    0x99, 0xf0, 0x1, 0xc0, 0x7, 0x0, 0x18, 0x0,
    0x60,

    /* U+04CF "ӏ" */
    0xff, 0xff, 0xff, 0xff, 0xfe,

    /* U+04D0 "Ӑ" */
    0x19, 0x81, 0xf8, 0xf, 0x0, 0x0, 0xf, 0x0,
    0xf0, 0xf, 0x1, 0xf8, 0x1f, 0x83, 0x98, 0x39,
    0xc3, 0x9c, 0x7f, 0xc7, 0xfe, 0x70, 0xef, 0x6,
    0xe0, 0x70,

    /* U+04D1 "ӑ" */
    0x66, 0x7e, 0x3c, 0x0, 0x3c, 0x7e, 0xe7, 0x7,
    0x3f, 0xff, 0xe7, 0xe7, 0xff, 0x7f,

    /* U+04D2 "Ӓ" */
    0x39, 0xc1, 0xce, 0x0, 0x0, 0x1e, 0x0, 0xf0,
    0x7, 0xc0, 0x7e, 0x3, 0xf0, 0x39, 0xc1, 0xce,
    0xe, 0x70, 0xff, 0xc7, 0xfe, 0x38, 0x7b, 0xc1,
    0xdc, 0xe,

    /* U+04D3 "ӓ" */
    0xe7, 0xe7, 0x0, 0x3c, 0x7e, 0xe7, 0x7, 0x3f,
    0xff, 0xe7, 0xe7, 0xff, 0x7f,

    /* U+04D4 "Ӕ" */
    0x3, 0xff, 0x3, 0xff, 0x7, 0xe0, 0x7, 0xe0,
    0xe, 0xe0, 0xe, 0xfe, 0x1c, 0xfe, 0x1c, 0xe0,
    0x3f, 0xe0, 0x3f, 0xe0, 0x78, 0xe0, 0x70, 0xff,
    0xf0, 0xff,

    /* U+04D5 "ӕ" */
    0x3e, 0xf1, 0xff, 0xef, 0x39, 0xc0, 0xe7, 0x3f,
    0xff, 0xff, 0xfe, 0x38, 0x38, 0xf0, 0xff, 0xf8,
    0xf3, 0xe0,

    /* U+04D6 "Ӗ" */
    0x73, 0x1f, 0x87, 0x80, 0xf, 0xff, 0xff, 0x81,
    0xc0, 0xe0, 0x7f, 0xbf, 0xdc, 0xe, 0x7, 0x3,
    0x81, 0xff, 0xff, 0x80,

    /* U+04D7 "ӗ" */
    0x66, 0x1f, 0xf, 0x0, 0x3, 0xe3, 0xfb, 0xcf,
    0xc7, 0xff, 0xff, 0xf8, 0xe, 0x27, 0xf8, 0xf0,

    /* U+04D8 "Ә" */
    0x7f, 0xf, 0xf0, 0x7, 0x0, 0x70, 0xf, 0xff,
    0xff, 0xff, 0x7, 0xe0, 0xfc, 0x1d, 0xc7, 0x1f,
    0xc1, 0xf0,

    /* U+04D9 "ә" */
    0x7c, 0x7f, 0x81, 0xc0, 0x7f, 0xff, 0xff, 0x8f,
    0xce, 0x7f, 0x1f, 0x0,

    /* U+04DA "Ӛ" */
    0x73, 0x8e, 0x70, 0x0, 0x7f, 0x87, 0xf8, 0x3,
    0x80, 0x38, 0x7, 0xff, 0xff, 0xff, 0x83, 0xf0,
    0x7e, 0xe, 0xe3, 0x8f, 0xe0, 0xf8,

    /* U+04DB "ӛ" */
    0xe7, 0x73, 0x80, 0xf, 0x8f, 0xf4, 0x38, 0xf,
    0xff, 0xff, 0xf1, 0xf9, 0xcf, 0xe3, 0xe0,

    /* U+04DC "Ӝ" */
    0x3, 0xb8, 0x0, 0x77, 0x0, 0x0, 0x0, 0x3c,
    0x38, 0xe7, 0x87, 0x3c, 0x78, 0xe7, 0x7, 0x1d,
    0xe0, 0xf3, 0xb8, 0xf, 0xfe, 0x1, 0xff, 0xc0,
    0x7f, 0xfc, 0xe, 0x3b, 0x83, 0xc7, 0x38, 0x70,
    0xe7, 0x9e, 0x1c, 0xf3, 0x83, 0x8f,

    /* U+04DD "ӝ" */
    0xe, 0xe0, 0x1d, 0xc0, 0x0, 0x7, 0x9c, 0xf7,
    0x39, 0xce, 0x77, 0x8e, 0xee, 0x1f, 0xfc, 0x3f,
    0xf8, 0x7f, 0xf1, 0xee, 0xf3, 0x9c, 0xef, 0x39,
    0xe0,

    /* U+04DE "Ӟ" */
    0x77, 0x3b, 0x80, 0x7, 0xc7, 0xf7, 0x9c, 0xe,
    0x7, 0x1f, 0xf, 0x7, 0xe0, 0x70, 0x3f, 0x1d,
    0xfc, 0x7c,

    /* U+04DF "ӟ" */
    0x77, 0x3b, 0x80, 0x7, 0xc7, 0xfb, 0x9c, 0x3e,
    0x1e, 0xf, 0x81, 0xdc, 0xef, 0xe3, 0xe0,

    /* U+04E0 "Ӡ" */
    0x7f, 0xdf, 0xf0, 0x38, 0x3c, 0xf, 0x3, 0xe0,
    0xfc, 0x7, 0x1, 0xdc, 0x77, 0x3d, 0xfe, 0x1f,
    0x0,

    /* U+04E1 "ӡ" */
    0x7f, 0xdf, 0xf0, 0x38, 0x1e, 0xf, 0x3, 0xc0,
    0xf8, 0x3f, 0x1, 0xc0, 0x76, 0x1d, 0xcf, 0x7f,
    0x87, 0xc0,

    /* U+04E2 "Ӣ" */
    0x3f, 0x7, 0xe0, 0x0, 0x70, 0x7e, 0x1f, 0xc7,
    0xf8, 0xff, 0x3f, 0xe7, 0xfd, 0xdf, 0xf3, 0xfe,
    0x7f, 0x8f, 0xf1, 0xfc, 0x3f, 0x7,

    /* U+04E3 "ӣ" */
    0x7e, 0x3f, 0x0, 0x1c, 0x7e, 0x7f, 0x3f, 0xbf,
    0xdf, 0xfb, 0xfd, 0xfc, 0xfe, 0x7e, 0x38,

    /* U+04E4 "Ӥ" */
    0x3b, 0x87, 0x70, 0x0, 0x70, 0x7e, 0x1f, 0xc7,
    0xf8, 0xff, 0x3f, 0xe7, 0xfd, 0xdf, 0xf3, 0xfe,
    0x7f, 0x8f, 0xf1, 0xfc, 0x3f, 0x7,

    /* U+04E5 "ӥ" */
    0x77, 0x3b, 0x80, 0x1c, 0x7e, 0x7f, 0x3f, 0xbf,
    0xdf, 0xfb, 0xfd, 0xfc, 0xfe, 0x7e, 0x38,

    /* U+04E6 "Ӧ" */
    0x3b, 0x87, 0x70, 0x0, 0xf, 0x83, 0xf8, 0xe3,
    0xb8, 0x3f, 0x7, 0xe0, 0xfc, 0x1f, 0x83, 0xf0,
    0x7e, 0xe, 0xe3, 0x8f, 0xe0, 0xf8,

    /* U+04E7 "ӧ" */
    0x77, 0x3b, 0x80, 0x7, 0xc7, 0xf7, 0xbf, 0x8f,
    0xc7, 0xe3, 0xf1, 0xfd, 0xef, 0xe3, 0xe0,

    /* U+04E8 "Ө" */
    0x1f, 0x7, 0xf1, 0xc7, 0x70, 0x7e, 0xf, 0xff,
    0xff, 0xff, 0x7, 0xe0, 0xfe, 0x3d, 0xc7, 0x1f,
    0xc1, 0xf0,

    /* U+04E9 "ө" */
    0x3e, 0x3f, 0xb9, 0xfc, 0x7f, 0xff, 0xff, 0x8f,
    0xc7, 0x7f, 0x1f, 0x0,

    /* U+04EA "Ӫ" */
    0x3b, 0x87, 0x70, 0x0, 0xf, 0x83, 0xf8, 0xe3,
    0xb8, 0x7f, 0x7, 0xff, 0xff, 0xff, 0x83, 0xf0,
    0x7f, 0xe, 0xe3, 0x8f, 0xe0, 0xf8,

    /* U+04EB "ӫ" */
    0x77, 0x3b, 0x80, 0x7, 0xc7, 0xf7, 0xbf, 0x8f,
    0xff, 0xff, 0xf1, 0xfd, 0xef, 0xe3, 0xe0,

    /* U+04EC "Ӭ" */
    0x3b, 0x87, 0x70, 0x0, 0xf, 0x87, 0xf9, 0xe3,
    0xb8, 0x38, 0x7, 0xf, 0xe1, 0xfc, 0x3, 0xf0,
    0x7e, 0xe, 0xe3, 0x9f, 0xe0, 0xf8,

    /* U+04ED "ӭ" */
    0x77, 0x3b, 0x80, 0x7, 0xc7, 0xf3, 0xbc, 0xe,
    0x1f, 0xf, 0xf9, 0xdc, 0xef, 0xe3, 0xe0,

    /* U+04EE "Ӯ" */
    0x1f, 0x83, 0xf0, 0x0, 0x78, 0x77, 0x1e, 0xe3,
    0x8e, 0x71, 0xdc, 0x1f, 0x83, 0xf0, 0x3c, 0x7,
    0x80, 0x60, 0x1c, 0xf, 0x1, 0xc0,

    /* U+04EF "ӯ" */
    0x3f, 0xf, 0xc0, 0x3, 0xcf, 0x73, 0x9c, 0xe7,
    0x38, 0xfc, 0x3f, 0xf, 0xc1, 0xe0, 0x78, 0xe,
    0x7, 0x7, 0xc1, 0xe0, 0x70, 0x0,

    /* U+04F0 "Ӱ" */
    0x3b, 0x87, 0x70, 0x0, 0x70, 0xf7, 0x1c, 0xe7,
    0x8c, 0xe1, 0xdc, 0x1f, 0x3, 0xe0, 0x3c, 0x7,
    0x0, 0xe0, 0x18, 0xf, 0x1, 0xc0,

    /* U+04F1 "ӱ" */
    0x77, 0x3b, 0x80, 0x1c, 0x7f, 0x7b, 0xb9, 0xdc,
    0xfe, 0x3e, 0x1f, 0x7, 0x83, 0x81, 0xc0, 0xe1,
    0xe0, 0xf0, 0x70, 0x0,

    /* U+04F2 "Ӳ" */
    0xc, 0xc3, 0x30, 0x0, 0x0, 0xe, 0xf, 0xe3,
    0x9c, 0x73, 0xde, 0x3b, 0x87, 0xf0, 0x7c, 0xf,
    0x80, 0xe0, 0x1c, 0x3, 0x81, 0xe0, 0x38, 0x0,

    /* U+04F3 "ӳ" */
    0x1b, 0x9b, 0x80, 0x0, 0xe, 0x3f, 0x1d, 0xdc,
    0xee, 0x77, 0x1f, 0xf, 0x87, 0xc1, 0xc0, 0xe0,
    0x70, 0xf0, 0x78, 0x38, 0x0,

    /* U+04F4 "Ӵ" */
    0x3b, 0x8e, 0xe0, 0x3, 0x87, 0xe1, 0xf8, 0x7e,
    0x1f, 0x87, 0xe1, 0xdf, 0xf3, 0xfc, 0x7, 0x1,
    0xc0, 0x70, 0x1c, 0x7,

    /* U+04F5 "ӵ" */
    0x77, 0x77, 0x0, 0xe7, 0xe7, 0xe7, 0xe7, 0xe7,
    0x7f, 0x3f, 0x7, 0x7, 0x7,

    /* U+04F6 "Ӷ" */
    0xff, 0xff, 0xf8, 0x1c, 0xe, 0x7, 0x3, 0x81,
    0xc0, 0xe0, 0x70, 0x38, 0x1f, 0xf, 0x81, 0xc0,
    0xe0, 0x70,

    /* U+04F7 "ӷ" */
    0xff, 0xff, 0x87, 0xe, 0x1c, 0x38, 0x70, 0xf9,
    0xf0, 0xe1, 0xc3, 0x80,

    /* U+04F8 "Ӹ" */
    0x1c, 0xe0, 0x73, 0x80, 0x0, 0x38, 0x7, 0xe0,
    0x1f, 0x80, 0x7e, 0x1, 0xf8, 0x7, 0xff, 0x1f,
    0xfe, 0x7e, 0x3d, 0xf8, 0x77, 0xe1, 0xdf, 0x8f,
    0x7f, 0xf9, 0xff, 0x87,

    /* U+04F9 "ӹ" */
    0x1c, 0xe0, 0xe7, 0x0, 0x1, 0xc0, 0x7e, 0x3,
    0xf0, 0x1f, 0xf8, 0xff, 0xe7, 0xe3, 0xbf, 0x1d,
    0xf8, 0xef, 0xfe, 0x7f, 0xe3, 0x80,

    /* U+04FA "Ӻ" */
    0x3f, 0xe7, 0xfc, 0xe0, 0x1c, 0x3, 0x81, 0xfc,
    0x3f, 0x81, 0xc0, 0x38, 0x7, 0x0, 0xe0, 0x1f,
    0x83, 0xf0, 0xe, 0x1, 0xc0, 0xf8, 0x1c, 0x0,

    /* U+04FB "ӻ" */
    0x3f, 0x9f, 0xce, 0x7, 0xf, 0xe7, 0xf0, 0xe0,
    0x70, 0x3e, 0x1f, 0x3, 0x81, 0xc3, 0xe1, 0xe0,

    /* U+04FC "Ӽ" */
    0xf0, 0xe3, 0x8f, 0x1e, 0x70, 0x77, 0x83, 0xf8,
    0xf, 0x80, 0x7c, 0x3, 0xe0, 0x1f, 0x81, 0xfc,
    0x1e, 0xf0, 0xe3, 0xff, 0xf, 0x80, 0x1c, 0x0,
    0xe0, 0x1f, 0x0, 0xf0,

    /* U+04FD "ӽ" */
    0x73, 0x8e, 0x70, 0xfc, 0x1f, 0x81, 0xe0, 0x3c,
    0xf, 0xc1, 0xf8, 0x7f, 0xee, 0x7c, 0x3, 0x80,
    0x70, 0x3e, 0x7, 0x0,

    /* U+04FE "Ӿ" */
    0x70, 0xef, 0x3c, 0xe7, 0xf, 0xc1, 0xf8, 0x3f,
    0x7, 0xe0, 0xfc, 0x1f, 0x87, 0xf8, 0xe7, 0x3c,
    0xf7, 0xe,

    /* U+04FF "ӿ" */
    0xe7, 0xe6, 0x7e, 0x7e, 0x7e, 0x7e, 0x7e, 0x7e,
    0xe7, 0xe7
};


/*---------------------
 *  GLYPH DESCRIPTION
 *--------------------*/

static const lv_font_fmt_txt_glyph_dsc_t glyph_dsc[] = {
    {.bitmap_index = 0, .adv_w = 0, .box_w = 0, .box_h = 0, .ofs_x = 0, .ofs_y = 0} /* id = 0 reserved */,
    {.bitmap_index = 0, .adv_w = 72, .box_w = 1, .box_h = 1, .ofs_x = 0, .ofs_y = 0},
    {.bitmap_index = 1, .adv_w = 80, .box_w = 3, .box_h = 13, .ofs_x = 1, .ofs_y = 0},
    {.bitmap_index = 6, .adv_w = 91, .box_w = 5, .box_h = 5, .ofs_x = 1, .ofs_y = 9},
    {.bitmap_index = 10, .adv_w = 167, .box_w = 10, .box_h = 13, .ofs_x = 1, .ofs_y = 0},
    {.bitmap_index = 27, .adv_w = 167, .box_w = 9, .box_h = 18, .ofs_x = 1, .ofs_y = -2},
    {.bitmap_index = 48, .adv_w = 214, .box_w = 12, .box_h = 13, .ofs_x = 1, .ofs_y = 0},
    {.bitmap_index = 68, .adv_w = 194, .box_w = 12, .box_h = 13, .ofs_x = 1, .ofs_y = 0},
    {.bitmap_index = 88, .adv_w = 44, .box_w = 2, .box_h = 5, .ofs_x = 1, .ofs_y = 9},
    {.bitmap_index = 90, .adv_w = 102, .box_w = 6, .box_h = 19, .ofs_x = 1, .ofs_y = -4},
    {.bitmap_index = 105, .adv_w = 102, .box_w = 6, .box_h = 19, .ofs_x = 0, .ofs_y = -4},
    {.bitmap_index = 120, .adv_w = 134, .box_w = 8, .box_h = 8, .ofs_x = 1, .ofs_y = 5},
    {.bitmap_index = 128, .adv_w = 154, .box_w = 9, .box_h = 10, .ofs_x = 1, .ofs_y = 1},
    {.bitmap_index = 140, .adv_w = 78, .box_w = 4, .box_h = 6, .ofs_x = 0, .ofs_y = -4},
    {.bitmap_index = 143, .adv_w = 130, .box_w = 5, .box_h = 2, .ofs_x = 1, .ofs_y = 5},
    {.bitmap_index = 145, .adv_w = 87, .box_w = 3, .box_h = 3, .ofs_x = 1, .ofs_y = 0},
    {.bitmap_index = 147, .adv_w = 101, .box_w = 6, .box_h = 15, .ofs_x = 0, .ofs_y = -2},
    {.bitmap_index = 159, .adv_w = 167, .box_w = 9, .box_h = 13, .ofs_x = 1, .ofs_y = 0},
    {.bitmap_index = 174, .adv_w = 167, .box_w = 6, .box_h = 13, .ofs_x = 1, .ofs_y = 0},
    {.bitmap_index = 184, .adv_w = 167, .box_w = 9, .box_h = 13, .ofs_x = 1, .ofs_y = 0},
    {.bitmap_index = 199, .adv_w = 167, .box_w = 9, .box_h = 13, .ofs_x = 1, .ofs_y = 0},
    {.bitmap_index = 214, .adv_w = 167, .box_w = 10, .box_h = 13, .ofs_x = 1, .ofs_y = 0},
    {.bitmap_index = 231, .adv_w = 167, .box_w = 9, .box_h = 13, .ofs_x = 1, .ofs_y = 0},
    {.bitmap_index = 246, .adv_w = 167, .box_w = 9, .box_h = 13, .ofs_x = 1, .ofs_y = 0},
    {.bitmap_index = 261, .adv_w = 167, .box_w = 9, .box_h = 13, .ofs_x = 1, .ofs_y = 0},
    {.bitmap_index = 276, .adv_w = 167, .box_w = 9, .box_h = 13, .ofs_x = 1, .ofs_y = 0},
    {.bitmap_index = 291, .adv_w = 167, .box_w = 9, .box_h = 13, .ofs_x = 1, .ofs_y = 0},
    {.bitmap_index = 306, .adv_w = 86, .box_w = 3, .box_h = 10, .ofs_x = 1, .ofs_y = 0},
    {.bitmap_index = 310, .adv_w = 83, .box_w = 3, .box_h = 14, .ofs_x = 1, .ofs_y = -4},
    {.bitmap_index = 316, .adv_w = 147, .box_w = 8, .box_h = 9, .ofs_x = 1, .ofs_y = 1},
    {.bitmap_index = 325, .adv_w = 169, .box_w = 8, .box_h = 6, .ofs_x = 1, .ofs_y = 3},
    {.bitmap_index = 331, .adv_w = 148, .box_w = 8, .box_h = 9, .ofs_x = 1, .ofs_y = 1},
    {.bitmap_index = 340, .adv_w = 147, .box_w = 9, .box_h = 13, .ofs_x = 0, .ofs_y = 0},
    {.bitmap_index = 355, .adv_w = 258, .box_w = 15, .box_h = 17, .ofs_x = 1, .ofs_y = -4},
    {.bitmap_index = 387, .adv_w = 196, .box_w = 12, .box_h = 13, .ofs_x = 0, .ofs_y = 0},
    {.bitmap_index = 407, .adv_w = 186, .box_w = 10, .box_h = 13, .ofs_x = 1, .ofs_y = 0},
    {.bitmap_index = 424, .adv_w = 189, .box_w = 11, .box_h = 13, .ofs_x = 1, .ofs_y = 0},
    {.bitmap_index = 442, .adv_w = 186, .box_w = 10, .box_h = 13, .ofs_x = 1, .ofs_y = 0},
    {.bitmap_index = 459, .adv_w = 161, .box_w = 9, .box_h = 13, .ofs_x = 1, .ofs_y = 0},
    {.bitmap_index = 474, .adv_w = 158, .box_w = 9, .box_h = 13, .ofs_x = 1, .ofs_y = 0},
    {.bitmap_index = 489, .adv_w = 196, .box_w = 11, .box_h = 13, .ofs_x = 1, .ofs_y = 0},
    {.bitmap_index = 507, .adv_w = 202, .box_w = 11, .box_h = 13, .ofs_x = 1, .ofs_y = 0},
    {.bitmap_index = 525, .adv_w = 87, .box_w = 3, .box_h = 13, .ofs_x = 1, .ofs_y = 0},
    {.bitmap_index = 530, .adv_w = 162, .box_w = 9, .box_h = 13, .ofs_x = 1, .ofs_y = 0},
    {.bitmap_index = 545, .adv_w = 184, .box_w = 11, .box_h = 13, .ofs_x = 1, .ofs_y = 0},
    {.bitmap_index = 563, .adv_w = 156, .box_w = 9, .box_h = 13, .ofs_x = 1, .ofs_y = 0},
    {.bitmap_index = 578, .adv_w = 252, .box_w = 14, .box_h = 13, .ofs_x = 1, .ofs_y = 0},
    {.bitmap_index = 601, .adv_w = 202, .box_w = 11, .box_h = 13, .ofs_x = 1, .ofs_y = 0},
    {.bitmap_index = 619, .adv_w = 199, .box_w = 11, .box_h = 13, .ofs_x = 1, .ofs_y = 0},
    {.bitmap_index = 637, .adv_w = 188, .box_w = 10, .box_h = 13, .ofs_x = 1, .ofs_y = 0},
    {.bitmap_index = 654, .adv_w = 199, .box_w = 11, .box_h = 15, .ofs_x = 1, .ofs_y = -2},
    {.bitmap_index = 675, .adv_w = 188, .box_w = 10, .box_h = 13, .ofs_x = 1, .ofs_y = 0},
    {.bitmap_index = 692, .adv_w = 180, .box_w = 11, .box_h = 13, .ofs_x = 0, .ofs_y = 0},
    {.bitmap_index = 710, .adv_w = 182, .box_w = 11, .box_h = 13, .ofs_x = 1, .ofs_y = 0},
    {.bitmap_index = 728, .adv_w = 191, .box_w = 10, .box_h = 13, .ofs_x = 1, .ofs_y = 0},
    {.bitmap_index = 745, .adv_w = 190, .box_w = 12, .box_h = 13, .ofs_x = 0, .ofs_y = 0},
    {.bitmap_index = 765, .adv_w = 250, .box_w = 15, .box_h = 13, .ofs_x = 0, .ofs_y = 0},
    {.bitmap_index = 790, .adv_w = 184, .box_w = 11, .box_h = 13, .ofs_x = 0, .ofs_y = 0},
    {.bitmap_index = 808, .adv_w = 181, .box_w = 11, .box_h = 13, .ofs_x = 0, .ofs_y = 0},
    {.bitmap_index = 826, .adv_w = 176, .box_w = 10, .box_h = 13, .ofs_x = 1, .ofs_y = 0},
    {.bitmap_index = 843, .adv_w = 81, .box_w = 4, .box_h = 19, .ofs_x = 1, .ofs_y = -3},
    {.bitmap_index = 853, .adv_w = 123, .box_w = 8, .box_h = 15, .ofs_x = 0, .ofs_y = -2},
    {.bitmap_index = 868, .adv_w = 81, .box_w = 4, .box_h = 19, .ofs_x = 1, .ofs_y = -3},
    {.bitmap_index = 878, .adv_w = 129, .box_w = 8, .box_h = 7, .ofs_x = 0, .ofs_y = 7},
    {.bitmap_index = 885, .adv_w = 127, .box_w = 8, .box_h = 2, .ofs_x = 0, .ofs_y = -2},
    {.bitmap_index = 887, .adv_w = 98, .box_w = 5, .box_h = 3, .ofs_x = 0, .ofs_y = 11},
    {.bitmap_index = 889, .adv_w = 153, .box_w = 8, .box_h = 10, .ofs_x = 1, .ofs_y = 0},
    {.bitmap_index = 899, .adv_w = 162, .box_w = 9, .box_h = 14, .ofs_x = 1, .ofs_y = 0},
    {.bitmap_index = 915, .adv_w = 150, .box_w = 9, .box_h = 10, .ofs_x = 1, .ofs_y = 0},
    {.bitmap_index = 927, .adv_w = 162, .box_w = 9, .box_h = 14, .ofs_x = 1, .ofs_y = 0},
    {.bitmap_index = 943, .adv_w = 157, .box_w = 9, .box_h = 10, .ofs_x = 1, .ofs_y = 0},
    {.bitmap_index = 955, .adv_w = 104, .box_w = 7, .box_h = 14, .ofs_x = 0, .ofs_y = 0},
    {.bitmap_index = 968, .adv_w = 166, .box_w = 9, .box_h = 14, .ofs_x = 1, .ofs_y = -4},
    {.bitmap_index = 984, .adv_w = 163, .box_w = 9, .box_h = 14, .ofs_x = 1, .ofs_y = 0},
    {.bitmap_index = 1000, .adv_w = 79, .box_w = 3, .box_h = 14, .ofs_x = 1, .ofs_y = 0},
    {.bitmap_index = 1006, .adv_w = 78, .box_w = 5, .box_h = 18, .ofs_x = -1, .ofs_y = -4},
    {.bitmap_index = 1018, .adv_w = 158, .box_w = 9, .box_h = 14, .ofs_x = 1, .ofs_y = 0},
    {.bitmap_index = 1034, .adv_w = 79, .box_w = 3, .box_h = 14, .ofs_x = 1, .ofs_y = 0},
    {.bitmap_index = 1040, .adv_w = 248, .box_w = 14, .box_h = 10, .ofs_x = 1, .ofs_y = 0},
    {.bitmap_index = 1058, .adv_w = 163, .box_w = 9, .box_h = 10, .ofs_x = 1, .ofs_y = 0},
    {.bitmap_index = 1070, .adv_w = 162, .box_w = 9, .box_h = 10, .ofs_x = 1, .ofs_y = 0},
    {.bitmap_index = 1082, .adv_w = 162, .box_w = 9, .box_h = 14, .ofs_x = 1, .ofs_y = -4},
    {.bitmap_index = 1098, .adv_w = 162, .box_w = 9, .box_h = 14, .ofs_x = 1, .ofs_y = -4},
    {.bitmap_index = 1114, .adv_w = 109, .box_w = 6, .box_h = 10, .ofs_x = 1, .ofs_y = 0},
    {.bitmap_index = 1122, .adv_w = 148, .box_w = 9, .box_h = 10, .ofs_x = 1, .ofs_y = 0},
    {.bitmap_index = 1134, .adv_w = 99, .box_w = 6, .box_h = 13, .ofs_x = 1, .ofs_y = 0},
    {.bitmap_index = 1144, .adv_w = 163, .box_w = 9, .box_h = 10, .ofs_x = 1, .ofs_y = 0},
    {.bitmap_index = 1156, .adv_w = 149, .box_w = 9, .box_h = 10, .ofs_x = 0, .ofs_y = 0},
    {.bitmap_index = 1168, .adv_w = 209, .box_w = 13, .box_h = 10, .ofs_x = 0, .ofs_y = 0},
    {.bitmap_index = 1185, .adv_w = 148, .box_w = 9, .box_h = 10, .ofs_x = 0, .ofs_y = 0},
    {.bitmap_index = 1197, .adv_w = 149, .box_w = 9, .box_h = 14, .ofs_x = 0, .ofs_y = -4},
    {.bitmap_index = 1213, .adv_w = 148, .box_w = 8, .box_h = 10, .ofs_x = 1, .ofs_y = 0},
    {.bitmap_index = 1223, .adv_w = 94, .box_w = 6, .box_h = 17, .ofs_x = 0, .ofs_y = -3},
    {.bitmap_index = 1236, .adv_w = 74, .box_w = 2, .box_h = 15, .ofs_x = 2, .ofs_y = -2},
    {.bitmap_index = 1240, .adv_w = 94, .box_w = 5, .box_h = 17, .ofs_x = 1, .ofs_y = -3},
    {.bitmap_index = 1251, .adv_w = 182, .box_w = 10, .box_h = 4, .ofs_x = 1, .ofs_y = 3},
    {.bitmap_index = 1256, .adv_w = 161, .box_w = 9, .box_h = 17, .ofs_x = 1, .ofs_y = 0},
    {.bitmap_index = 1276, .adv_w = 161, .box_w = 9, .box_h = 16, .ofs_x = 1, .ofs_y = 0},
    {.bitmap_index = 1294, .adv_w = 215, .box_w = 13, .box_h = 13, .ofs_x = 1, .ofs_y = 0},
    {.bitmap_index = 1316, .adv_w = 161, .box_w = 9, .box_h = 17, .ofs_x = 1, .ofs_y = 0},
    {.bitmap_index = 1336, .adv_w = 187, .box_w = 11, .box_h = 13, .ofs_x = 1, .ofs_y = 0},
    {.bitmap_index = 1354, .adv_w = 180, .box_w = 11, .box_h = 13, .ofs_x = 0, .ofs_y = 0},
    {.bitmap_index = 1372, .adv_w = 87, .box_w = 3, .box_h = 13, .ofs_x = 1, .ofs_y = 0},
    {.bitmap_index = 1377, .adv_w = 87, .box_w = 7, .box_h = 16, .ofs_x = -1, .ofs_y = 0},
    {.bitmap_index = 1391, .adv_w = 162, .box_w = 9, .box_h = 13, .ofs_x = 1, .ofs_y = 0},
    {.bitmap_index = 1406, .adv_w = 302, .box_w = 19, .box_h = 13, .ofs_x = 0, .ofs_y = 0},
    {.bitmap_index = 1437, .adv_w = 302, .box_w = 17, .box_h = 13, .ofs_x = 1, .ofs_y = 0},
    {.bitmap_index = 1465, .adv_w = 215, .box_w = 13, .box_h = 13, .ofs_x = 0, .ofs_y = 0},
    {.bitmap_index = 1487, .adv_w = 184, .box_w = 11, .box_h = 17, .ofs_x = 1, .ofs_y = 0},
    {.bitmap_index = 1511, .adv_w = 200, .box_w = 11, .box_h = 17, .ofs_x = 1, .ofs_y = 0},
    {.bitmap_index = 1535, .adv_w = 182, .box_w = 11, .box_h = 17, .ofs_x = 0, .ofs_y = 0},
    {.bitmap_index = 1559, .adv_w = 200, .box_w = 11, .box_h = 17, .ofs_x = 1, .ofs_y = -4},
    {.bitmap_index = 1583, .adv_w = 196, .box_w = 12, .box_h = 13, .ofs_x = 0, .ofs_y = 0},
    {.bitmap_index = 1603, .adv_w = 180, .box_w = 10, .box_h = 13, .ofs_x = 1, .ofs_y = 0},
    {.bitmap_index = 1620, .adv_w = 186, .box_w = 10, .box_h = 13, .ofs_x = 1, .ofs_y = 0},
    {.bitmap_index = 1637, .adv_w = 161, .box_w = 9, .box_h = 13, .ofs_x = 1, .ofs_y = 0},
    {.bitmap_index = 1652, .adv_w = 214, .box_w = 13, .box_h = 16, .ofs_x = 1, .ofs_y = -3},
    {.bitmap_index = 1678, .adv_w = 161, .box_w = 9, .box_h = 13, .ofs_x = 1, .ofs_y = 0},
    {.bitmap_index = 1693, .adv_w = 300, .box_w = 19, .box_h = 13, .ofs_x = 0, .ofs_y = 0},
    {.bitmap_index = 1724, .adv_w = 181, .box_w = 10, .box_h = 13, .ofs_x = 0, .ofs_y = 0},
    {.bitmap_index = 1741, .adv_w = 200, .box_w = 11, .box_h = 13, .ofs_x = 1, .ofs_y = 0},
    {.bitmap_index = 1759, .adv_w = 200, .box_w = 11, .box_h = 17, .ofs_x = 1, .ofs_y = 0},
    {.bitmap_index = 1783, .adv_w = 186, .box_w = 11, .box_h = 13, .ofs_x = 1, .ofs_y = 0},
    {.bitmap_index = 1801, .adv_w = 203, .box_w = 12, .box_h = 13, .ofs_x = 0, .ofs_y = 0},
    {.bitmap_index = 1821, .adv_w = 252, .box_w = 14, .box_h = 13, .ofs_x = 1, .ofs_y = 0},
    {.bitmap_index = 1844, .adv_w = 202, .box_w = 11, .box_h = 13, .ofs_x = 1, .ofs_y = 0},
    {.bitmap_index = 1862, .adv_w = 199, .box_w = 11, .box_h = 13, .ofs_x = 1, .ofs_y = 0},
    {.bitmap_index = 1880, .adv_w = 203, .box_w = 11, .box_h = 13, .ofs_x = 1, .ofs_y = 0},
    {.bitmap_index = 1898, .adv_w = 188, .box_w = 10, .box_h = 13, .ofs_x = 1, .ofs_y = 0},
    {.bitmap_index = 1915, .adv_w = 189, .box_w = 11, .box_h = 13, .ofs_x = 1, .ofs_y = 0},
    {.bitmap_index = 1933, .adv_w = 182, .box_w = 11, .box_h = 13, .ofs_x = 1, .ofs_y = 0},
    {.bitmap_index = 1951, .adv_w = 182, .box_w = 11, .box_h = 13, .ofs_x = 0, .ofs_y = 0},
    {.bitmap_index = 1969, .adv_w = 241, .box_w = 13, .box_h = 15, .ofs_x = 1, .ofs_y = -1},
    {.bitmap_index = 1994, .adv_w = 184, .box_w = 11, .box_h = 13, .ofs_x = 0, .ofs_y = 0},
    {.bitmap_index = 2012, .adv_w = 222, .box_w = 13, .box_h = 16, .ofs_x = 1, .ofs_y = -3},
    {.bitmap_index = 2038, .adv_w = 201, .box_w = 10, .box_h = 13, .ofs_x = 1, .ofs_y = 0},
    {.bitmap_index = 2055, .adv_w = 278, .box_w = 15, .box_h = 13, .ofs_x = 1, .ofs_y = 0},
    {.bitmap_index = 2080, .adv_w = 301, .box_w = 17, .box_h = 16, .ofs_x = 1, .ofs_y = -3},
    {.bitmap_index = 2114, .adv_w = 224, .box_w = 14, .box_h = 13, .ofs_x = 0, .ofs_y = 0},
    {.bitmap_index = 2137, .adv_w = 251, .box_w = 14, .box_h = 13, .ofs_x = 1, .ofs_y = 0},
    {.bitmap_index = 2160, .adv_w = 179, .box_w = 10, .box_h = 13, .ofs_x = 1, .ofs_y = 0},
    {.bitmap_index = 2177, .adv_w = 183, .box_w = 11, .box_h = 13, .ofs_x = 1, .ofs_y = 0},
    {.bitmap_index = 2195, .adv_w = 280, .box_w = 15, .box_h = 13, .ofs_x = 1, .ofs_y = 0},
    {.bitmap_index = 2220, .adv_w = 165, .box_w = 10, .box_h = 13, .ofs_x = 0, .ofs_y = 0},
    {.bitmap_index = 2237, .adv_w = 153, .box_w = 8, .box_h = 10, .ofs_x = 1, .ofs_y = 0},
    {.bitmap_index = 2247, .adv_w = 167, .box_w = 9, .box_h = 15, .ofs_x = 1, .ofs_y = 0},
    {.bitmap_index = 2264, .adv_w = 162, .box_w = 9, .box_h = 10, .ofs_x = 1, .ofs_y = 0},
    {.bitmap_index = 2276, .adv_w = 121, .box_w = 7, .box_h = 10, .ofs_x = 1, .ofs_y = 0},
    {.bitmap_index = 2285, .adv_w = 185, .box_w = 11, .box_h = 13, .ofs_x = 1, .ofs_y = -3},
    {.bitmap_index = 2303, .adv_w = 157, .box_w = 9, .box_h = 10, .ofs_x = 1, .ofs_y = 0},
    {.bitmap_index = 2315, .adv_w = 260, .box_w = 15, .box_h = 10, .ofs_x = 1, .ofs_y = 0},
    {.bitmap_index = 2334, .adv_w = 149, .box_w = 9, .box_h = 10, .ofs_x = 0, .ofs_y = 0},
    {.bitmap_index = 2346, .adv_w = 162, .box_w = 9, .box_h = 10, .ofs_x = 1, .ofs_y = 0},
    {.bitmap_index = 2358, .adv_w = 162, .box_w = 9, .box_h = 14, .ofs_x = 1, .ofs_y = 0},
    {.bitmap_index = 2374, .adv_w = 165, .box_w = 9, .box_h = 10, .ofs_x = 1, .ofs_y = 0},
    {.bitmap_index = 2386, .adv_w = 162, .box_w = 10, .box_h = 10, .ofs_x = 0, .ofs_y = 0},
    {.bitmap_index = 2399, .adv_w = 221, .box_w = 12, .box_h = 10, .ofs_x = 1, .ofs_y = 0},
    {.bitmap_index = 2414, .adv_w = 162, .box_w = 9, .box_h = 10, .ofs_x = 1, .ofs_y = 0},
    {.bitmap_index = 2426, .adv_w = 162, .box_w = 9, .box_h = 10, .ofs_x = 1, .ofs_y = 0},
    {.bitmap_index = 2438, .adv_w = 162, .box_w = 9, .box_h = 10, .ofs_x = 1, .ofs_y = 0},
    {.bitmap_index = 2450, .adv_w = 162, .box_w = 9, .box_h = 14, .ofs_x = 1, .ofs_y = -4},
    {.bitmap_index = 2466, .adv_w = 150, .box_w = 9, .box_h = 10, .ofs_x = 1, .ofs_y = 0},
    {.bitmap_index = 2478, .adv_w = 151, .box_w = 9, .box_h = 10, .ofs_x = 1, .ofs_y = 0},
    {.bitmap_index = 2490, .adv_w = 149, .box_w = 9, .box_h = 14, .ofs_x = 0, .ofs_y = -4},
    {.bitmap_index = 2506, .adv_w = 211, .box_w = 12, .box_h = 18, .ofs_x = 1, .ofs_y = -4},
    {.bitmap_index = 2533, .adv_w = 148, .box_w = 9, .box_h = 10, .ofs_x = 0, .ofs_y = 0},
    {.bitmap_index = 2545, .adv_w = 177, .box_w = 10, .box_h = 13, .ofs_x = 1, .ofs_y = -3},
    {.bitmap_index = 2562, .adv_w = 161, .box_w = 9, .box_h = 10, .ofs_x = 1, .ofs_y = 0},
    {.bitmap_index = 2574, .adv_w = 241, .box_w = 13, .box_h = 10, .ofs_x = 1, .ofs_y = 0},
    {.bitmap_index = 2591, .adv_w = 270, .box_w = 15, .box_h = 13, .ofs_x = 1, .ofs_y = -3},
    {.bitmap_index = 2616, .adv_w = 195, .box_w = 12, .box_h = 10, .ofs_x = 0, .ofs_y = 0},
    {.bitmap_index = 2631, .adv_w = 246, .box_w = 13, .box_h = 10, .ofs_x = 1, .ofs_y = 0},
    {.bitmap_index = 2648, .adv_w = 163, .box_w = 9, .box_h = 10, .ofs_x = 1, .ofs_y = 0},
    {.bitmap_index = 2660, .adv_w = 147, .box_w = 9, .box_h = 10, .ofs_x = 0, .ofs_y = 0},
    {.bitmap_index = 2672, .adv_w = 233, .box_w = 13, .box_h = 10, .ofs_x = 1, .ofs_y = 0},
    {.bitmap_index = 2689, .adv_w = 163, .box_w = 9, .box_h = 10, .ofs_x = 1, .ofs_y = 0},
    {.bitmap_index = 2701, .adv_w = 157, .box_w = 9, .box_h = 14, .ofs_x = 1, .ofs_y = 0},
    {.bitmap_index = 2717, .adv_w = 157, .box_w = 9, .box_h = 13, .ofs_x = 1, .ofs_y = 0},
    {.bitmap_index = 2732, .adv_w = 163, .box_w = 11, .box_h = 18, .ofs_x = -1, .ofs_y = -4},
    {.bitmap_index = 2757, .adv_w = 121, .box_w = 7, .box_h = 14, .ofs_x = 1, .ofs_y = 0},
    {.bitmap_index = 2770, .adv_w = 147, .box_w = 9, .box_h = 10, .ofs_x = 0, .ofs_y = 0},
    {.bitmap_index = 2782, .adv_w = 148, .box_w = 9, .box_h = 10, .ofs_x = 1, .ofs_y = 0},
    {.bitmap_index = 2794, .adv_w = 79, .box_w = 3, .box_h = 13, .ofs_x = 1, .ofs_y = 0},
    {.bitmap_index = 2799, .adv_w = 82, .box_w = 7, .box_h = 13, .ofs_x = -1, .ofs_y = 0},
    {.bitmap_index = 2811, .adv_w = 78, .box_w = 5, .box_h = 17, .ofs_x = -1, .ofs_y = -4},
    {.bitmap_index = 2822, .adv_w = 249, .box_w = 16, .box_h = 10, .ofs_x = 0, .ofs_y = 0},
    {.bitmap_index = 2842, .adv_w = 248, .box_w = 14, .box_h = 10, .ofs_x = 1, .ofs_y = 0},
    {.bitmap_index = 2860, .adv_w = 162, .box_w = 11, .box_h = 14, .ofs_x = -1, .ofs_y = 0},
    {.bitmap_index = 2880, .adv_w = 165, .box_w = 9, .box_h = 14, .ofs_x = 1, .ofs_y = 0},
    {.bitmap_index = 2896, .adv_w = 162, .box_w = 9, .box_h = 14, .ofs_x = 1, .ofs_y = 0},
    {.bitmap_index = 2912, .adv_w = 149, .box_w = 9, .box_h = 18, .ofs_x = 0, .ofs_y = -4},
    {.bitmap_index = 2933, .adv_w = 162, .box_w = 9, .box_h = 14, .ofs_x = 1, .ofs_y = -4},
    {.bitmap_index = 2949, .adv_w = 284, .box_w = 16, .box_h = 13, .ofs_x = 1, .ofs_y = 0},
    {.bitmap_index = 2975, .adv_w = 246, .box_w = 14, .box_h = 10, .ofs_x = 1, .ofs_y = 0},
    {.bitmap_index = 2993, .adv_w = 179, .box_w = 12, .box_h = 13, .ofs_x = -1, .ofs_y = 0},
    {.bitmap_index = 3013, .adv_w = 163, .box_w = 10, .box_h = 14, .ofs_x = 0, .ofs_y = 0},
    {.bitmap_index = 3031, .adv_w = 257, .box_w = 15, .box_h = 13, .ofs_x = 1, .ofs_y = 0},
    {.bitmap_index = 3056, .adv_w = 219, .box_w = 13, .box_h = 10, .ofs_x = 1, .ofs_y = 0},
    {.bitmap_index = 3073, .adv_w = 199, .box_w = 12, .box_h = 13, .ofs_x = 0, .ofs_y = 0},
    {.bitmap_index = 3093, .adv_w = 165, .box_w = 10, .box_h = 10, .ofs_x = 0, .ofs_y = 0},
    {.bitmap_index = 3106, .adv_w = 278, .box_w = 16, .box_h = 13, .ofs_x = 1, .ofs_y = 0},
    {.bitmap_index = 3132, .adv_w = 237, .box_w = 14, .box_h = 10, .ofs_x = 1, .ofs_y = 0},
    {.bitmap_index = 3150, .adv_w = 253, .box_w = 14, .box_h = 13, .ofs_x = 1, .ofs_y = 0},
    {.bitmap_index = 3173, .adv_w = 210, .box_w = 12, .box_h = 10, .ofs_x = 1, .ofs_y = 0},
    {.bitmap_index = 3188, .adv_w = 339, .box_w = 19, .box_h = 13, .ofs_x = 1, .ofs_y = 0},
    {.bitmap_index = 3219, .adv_w = 293, .box_w = 16, .box_h = 10, .ofs_x = 1, .ofs_y = 0},
    {.bitmap_index = 3239, .adv_w = 147, .box_w = 9, .box_h = 22, .ofs_x = 0, .ofs_y = -4},
    {.bitmap_index = 3264, .adv_w = 149, .box_w = 8, .box_h = 18, .ofs_x = 1, .ofs_y = -4},
    {.bitmap_index = 3282, .adv_w = 215, .box_w = 13, .box_h = 13, .ofs_x = 1, .ofs_y = 0},
    {.bitmap_index = 3304, .adv_w = 221, .box_w = 13, .box_h = 14, .ofs_x = 1, .ofs_y = -4},
    {.bitmap_index = 3327, .adv_w = 199, .box_w = 11, .box_h = 13, .ofs_x = 1, .ofs_y = 0},
    {.bitmap_index = 3345, .adv_w = 162, .box_w = 9, .box_h = 10, .ofs_x = 1, .ofs_y = 0},
    {.bitmap_index = 3357, .adv_w = 187, .box_w = 11, .box_h = 13, .ofs_x = 1, .ofs_y = 0},
    {.bitmap_index = 3375, .adv_w = 148, .box_w = 9, .box_h = 10, .ofs_x = 0, .ofs_y = 0},
    {.bitmap_index = 3387, .adv_w = 187, .box_w = 11, .box_h = 16, .ofs_x = 1, .ofs_y = 0},
    {.bitmap_index = 3409, .adv_w = 148, .box_w = 9, .box_h = 14, .ofs_x = 0, .ofs_y = 0},
    {.bitmap_index = 3425, .adv_w = 348, .box_w = 21, .box_h = 17, .ofs_x = 1, .ofs_y = -4},
    {.bitmap_index = 3470, .adv_w = 311, .box_w = 19, .box_h = 14, .ofs_x = 1, .ofs_y = -4},
    {.bitmap_index = 3504, .adv_w = 199, .box_w = 11, .box_h = 15, .ofs_x = 1, .ofs_y = -1},
    {.bitmap_index = 3525, .adv_w = 162, .box_w = 9, .box_h = 12, .ofs_x = 1, .ofs_y = -1},
    {.bitmap_index = 3539, .adv_w = 284, .box_w = 16, .box_h = 17, .ofs_x = 1, .ofs_y = 0},
    {.bitmap_index = 3573, .adv_w = 240, .box_w = 13, .box_h = 13, .ofs_x = 1, .ofs_y = 0},
    {.bitmap_index = 3595, .adv_w = 284, .box_w = 16, .box_h = 17, .ofs_x = 1, .ofs_y = 0},
    {.bitmap_index = 3629, .adv_w = 246, .box_w = 14, .box_h = 13, .ofs_x = 1, .ofs_y = 0},
    {.bitmap_index = 3652, .adv_w = 174, .box_w = 10, .box_h = 16, .ofs_x = 1, .ofs_y = -3},
    {.bitmap_index = 3672, .adv_w = 154, .box_w = 9, .box_h = 13, .ofs_x = 1, .ofs_y = -3},
    {.bitmap_index = 3687, .adv_w = 179, .box_w = 9, .box_h = 12, .ofs_x = 1, .ofs_y = 0},
    {.bitmap_index = 3701, .adv_w = 0, .box_w = 7, .box_h = 3, .ofs_x = -8, .ofs_y = 11},
    {.bitmap_index = 3704, .adv_w = 0, .box_w = 7, .box_h = 2, .ofs_x = -8, .ofs_y = 12},
    {.bitmap_index = 3706, .adv_w = 0, .box_w = 3, .box_h = 3, .ofs_x = -5, .ofs_y = 12},
    {.bitmap_index = 3708, .adv_w = 0, .box_w = 3, .box_h = 3, .ofs_x = -6, .ofs_y = 12},
    {.bitmap_index = 3710, .adv_w = 0, .box_w = 17, .box_h = 16, .ofs_x = -13, .ofs_y = -3},
    {.bitmap_index = 3744, .adv_w = 0, .box_w = 16, .box_h = 17, .ofs_x = -12, .ofs_y = -4},
    {.bitmap_index = 3778, .adv_w = 226, .box_w = 13, .box_h = 21, .ofs_x = 1, .ofs_y = -4},
    {.bitmap_index = 3813, .adv_w = 192, .box_w = 11, .box_h = 18, .ofs_x = 1, .ofs_y = -4},
    {.bitmap_index = 3838, .adv_w = 179, .box_w = 12, .box_h = 13, .ofs_x = -1, .ofs_y = 0},
    {.bitmap_index = 3858, .adv_w = 163, .box_w = 10, .box_h = 15, .ofs_x = 0, .ofs_y = 0},
    {.bitmap_index = 3877, .adv_w = 180, .box_w = 10, .box_h = 13, .ofs_x = 1, .ofs_y = 0},
    {.bitmap_index = 3894, .adv_w = 162, .box_w = 9, .box_h = 14, .ofs_x = 1, .ofs_y = -4},
    {.bitmap_index = 3910, .adv_w = 161, .box_w = 9, .box_h = 17, .ofs_x = 1, .ofs_y = 0},
    {.bitmap_index = 3930, .adv_w = 135, .box_w = 7, .box_h = 13, .ofs_x = 1, .ofs_y = 0},
    {.bitmap_index = 3942, .adv_w = 161, .box_w = 11, .box_h = 13, .ofs_x = -1, .ofs_y = 0},
    {.bitmap_index = 3960, .adv_w = 121, .box_w = 9, .box_h = 10, .ofs_x = -1, .ofs_y = 0},
    {.bitmap_index = 3972, .adv_w = 181, .box_w = 10, .box_h = 16, .ofs_x = 1, .ofs_y = -3},
    {.bitmap_index = 3992, .adv_w = 156, .box_w = 8, .box_h = 13, .ofs_x = 1, .ofs_y = -3},
    {.bitmap_index = 4005, .adv_w = 324, .box_w = 20, .box_h = 16, .ofs_x = 0, .ofs_y = -3},
    {.bitmap_index = 4045, .adv_w = 278, .box_w = 17, .box_h = 13, .ofs_x = 1, .ofs_y = -3},
    {.bitmap_index = 4073, .adv_w = 181, .box_w = 9, .box_h = 18, .ofs_x = 1, .ofs_y = -5},
    {.bitmap_index = 4094, .adv_w = 149, .box_w = 8, .box_h = 15, .ofs_x = 1, .ofs_y = -5},
    {.bitmap_index = 4109, .adv_w = 220, .box_w = 12, .box_h = 16, .ofs_x = 1, .ofs_y = -3},
    {.bitmap_index = 4133, .adv_w = 195, .box_w = 11, .box_h = 13, .ofs_x = 1, .ofs_y = -3},
    {.bitmap_index = 4151, .adv_w = 195, .box_w = 11, .box_h = 13, .ofs_x = 1, .ofs_y = 0},
    {.bitmap_index = 4169, .adv_w = 179, .box_w = 10, .box_h = 10, .ofs_x = 1, .ofs_y = 0},
    {.bitmap_index = 4182, .adv_w = 189, .box_w = 13, .box_h = 13, .ofs_x = -1, .ofs_y = 0},
    {.bitmap_index = 4204, .adv_w = 160, .box_w = 11, .box_h = 14, .ofs_x = -1, .ofs_y = 0},
    {.bitmap_index = 4224, .adv_w = 239, .box_w = 15, .box_h = 13, .ofs_x = 1, .ofs_y = 0},
    {.bitmap_index = 4249, .adv_w = 209, .box_w = 13, .box_h = 10, .ofs_x = 0, .ofs_y = 0},
    {.bitmap_index = 4266, .adv_w = 229, .box_w = 13, .box_h = 16, .ofs_x = 1, .ofs_y = -3},
    {.bitmap_index = 4292, .adv_w = 192, .box_w = 11, .box_h = 13, .ofs_x = 1, .ofs_y = -3},
    {.bitmap_index = 4310, .adv_w = 286, .box_w = 16, .box_h = 13, .ofs_x = 1, .ofs_y = 0},
    {.bitmap_index = 4336, .adv_w = 203, .box_w = 12, .box_h = 10, .ofs_x = 1, .ofs_y = 0},
    {.bitmap_index = 4351, .adv_w = 304, .box_w = 18, .box_h = 16, .ofs_x = 1, .ofs_y = -3},
    {.bitmap_index = 4387, .adv_w = 248, .box_w = 14, .box_h = 13, .ofs_x = 1, .ofs_y = -3},
    {.bitmap_index = 4410, .adv_w = 241, .box_w = 13, .box_h = 13, .ofs_x = 1, .ofs_y = 0},
    {.bitmap_index = 4432, .adv_w = 192, .box_w = 11, .box_h = 10, .ofs_x = 1, .ofs_y = 0},
    {.bitmap_index = 4446, .adv_w = 189, .box_w = 11, .box_h = 17, .ofs_x = 1, .ofs_y = -4},
    {.bitmap_index = 4470, .adv_w = 150, .box_w = 9, .box_h = 14, .ofs_x = 1, .ofs_y = -4},
    {.bitmap_index = 4486, .adv_w = 182, .box_w = 11, .box_h = 16, .ofs_x = 1, .ofs_y = -3},
    {.bitmap_index = 4508, .adv_w = 151, .box_w = 9, .box_h = 13, .ofs_x = 1, .ofs_y = -3},
    {.bitmap_index = 4523, .adv_w = 181, .box_w = 11, .box_h = 13, .ofs_x = 0, .ofs_y = 0},
    {.bitmap_index = 4541, .adv_w = 148, .box_w = 9, .box_h = 14, .ofs_x = 0, .ofs_y = -4},
    {.bitmap_index = 4557, .adv_w = 181, .box_w = 11, .box_h = 13, .ofs_x = 0, .ofs_y = 0},
    {.bitmap_index = 4575, .adv_w = 148, .box_w = 9, .box_h = 14, .ofs_x = 0, .ofs_y = -4},
    {.bitmap_index = 4591, .adv_w = 196, .box_w = 12, .box_h = 16, .ofs_x = 0, .ofs_y = -3},
    {.bitmap_index = 4615, .adv_w = 159, .box_w = 10, .box_h = 13, .ofs_x = 0, .ofs_y = -3},
    {.bitmap_index = 4632, .adv_w = 257, .box_w = 16, .box_h = 16, .ofs_x = 0, .ofs_y = -3},
    {.bitmap_index = 4664, .adv_w = 200, .box_w = 12, .box_h = 13, .ofs_x = 0, .ofs_y = -3},
    {.bitmap_index = 4684, .adv_w = 227, .box_w = 13, .box_h = 16, .ofs_x = 1, .ofs_y = -3},
    {.bitmap_index = 4710, .adv_w = 192, .box_w = 11, .box_h = 13, .ofs_x = 1, .ofs_y = -3},
    {.bitmap_index = 4728, .adv_w = 196, .box_w = 10, .box_h = 13, .ofs_x = 1, .ofs_y = 0},
    {.bitmap_index = 4745, .adv_w = 163, .box_w = 9, .box_h = 10, .ofs_x = 1, .ofs_y = 0},
    {.bitmap_index = 4757, .adv_w = 204, .box_w = 10, .box_h = 13, .ofs_x = 1, .ofs_y = 0},
    {.bitmap_index = 4774, .adv_w = 163, .box_w = 9, .box_h = 14, .ofs_x = 1, .ofs_y = 0},
    {.bitmap_index = 4790, .adv_w = 215, .box_w = 13, .box_h = 13, .ofs_x = -1, .ofs_y = 0},
    {.bitmap_index = 4812, .adv_w = 173, .box_w = 12, .box_h = 10, .ofs_x = -1, .ofs_y = 0},
    {.bitmap_index = 4827, .adv_w = 215, .box_w = 13, .box_h = 17, .ofs_x = -1, .ofs_y = -4},
    {.bitmap_index = 4855, .adv_w = 173, .box_w = 12, .box_h = 14, .ofs_x = -1, .ofs_y = -4},
    {.bitmap_index = 4876, .adv_w = 87, .box_w = 3, .box_h = 13, .ofs_x = 1, .ofs_y = 0},
    {.bitmap_index = 4881, .adv_w = 300, .box_w = 19, .box_h = 17, .ofs_x = 0, .ofs_y = 0},
    {.bitmap_index = 4922, .adv_w = 260, .box_w = 15, .box_h = 14, .ofs_x = 1, .ofs_y = 0},
    {.bitmap_index = 4949, .adv_w = 190, .box_w = 11, .box_h = 17, .ofs_x = 1, .ofs_y = -4},
    {.bitmap_index = 4973, .adv_w = 168, .box_w = 9, .box_h = 13, .ofs_x = 1, .ofs_y = -3},
    {.bitmap_index = 4988, .adv_w = 229, .box_w = 14, .box_h = 17, .ofs_x = 0, .ofs_y = -4},
    {.bitmap_index = 5018, .adv_w = 192, .box_w = 12, .box_h = 14, .ofs_x = 0, .ofs_y = -4},
    {.bitmap_index = 5039, .adv_w = 203, .box_w = 11, .box_h = 17, .ofs_x = 1, .ofs_y = -4},
    {.bitmap_index = 5063, .adv_w = 162, .box_w = 9, .box_h = 14, .ofs_x = 1, .ofs_y = -4},
    {.bitmap_index = 5079, .adv_w = 228, .box_w = 13, .box_h = 17, .ofs_x = 1, .ofs_y = -4},
    {.bitmap_index = 5107, .adv_w = 192, .box_w = 11, .box_h = 14, .ofs_x = 1, .ofs_y = -4},
    {.bitmap_index = 5127, .adv_w = 201, .box_w = 10, .box_h = 16, .ofs_x = 1, .ofs_y = -3},
    {.bitmap_index = 5147, .adv_w = 161, .box_w = 9, .box_h = 13, .ofs_x = 1, .ofs_y = -3},
    {.bitmap_index = 5162, .adv_w = 278, .box_w = 16, .box_h = 17, .ofs_x = 1, .ofs_y = -4},
    {.bitmap_index = 5196, .adv_w = 245, .box_w = 14, .box_h = 14, .ofs_x = 1, .ofs_y = -4},
    {.bitmap_index = 5221, .adv_w = 87, .box_w = 3, .box_h = 13, .ofs_x = 1, .ofs_y = 0},
    {.bitmap_index = 5226, .adv_w = 196, .box_w = 12, .box_h = 17, .ofs_x = 0, .ofs_y = 0},
    {.bitmap_index = 5252, .adv_w = 153, .box_w = 8, .box_h = 14, .ofs_x = 1, .ofs_y = 0},
    {.bitmap_index = 5266, .adv_w = 196, .box_w = 13, .box_h = 16, .ofs_x = 0, .ofs_y = 0},
    {.bitmap_index = 5292, .adv_w = 153, .box_w = 8, .box_h = 13, .ofs_x = 1, .ofs_y = 0},
    {.bitmap_index = 5305, .adv_w = 271, .box_w = 16, .box_h = 13, .ofs_x = 0, .ofs_y = 0},
    {.bitmap_index = 5331, .adv_w = 243, .box_w = 14, .box_h = 10, .ofs_x = 1, .ofs_y = 0},
    {.bitmap_index = 5349, .adv_w = 161, .box_w = 9, .box_h = 17, .ofs_x = 1, .ofs_y = 0},
    {.bitmap_index = 5369, .adv_w = 157, .box_w = 9, .box_h = 14, .ofs_x = 1, .ofs_y = 0},
    {.bitmap_index = 5385, .adv_w = 201, .box_w = 11, .box_h = 13, .ofs_x = 1, .ofs_y = 0},
    {.bitmap_index = 5403, .adv_w = 152, .box_w = 9, .box_h = 10, .ofs_x = 1, .ofs_y = 0},
    {.bitmap_index = 5415, .adv_w = 201, .box_w = 11, .box_h = 16, .ofs_x = 1, .ofs_y = 0},
    {.bitmap_index = 5437, .adv_w = 152, .box_w = 9, .box_h = 13, .ofs_x = 1, .ofs_y = 0},
    {.bitmap_index = 5452, .adv_w = 300, .box_w = 19, .box_h = 16, .ofs_x = 0, .ofs_y = 0},
    {.bitmap_index = 5490, .adv_w = 260, .box_w = 15, .box_h = 13, .ofs_x = 1, .ofs_y = 0},
    {.bitmap_index = 5515, .adv_w = 181, .box_w = 9, .box_h = 16, .ofs_x = 1, .ofs_y = 0},
    {.bitmap_index = 5533, .adv_w = 149, .box_w = 9, .box_h = 13, .ofs_x = 0, .ofs_y = 0},
    {.bitmap_index = 5548, .adv_w = 166, .box_w = 10, .box_h = 13, .ofs_x = 0, .ofs_y = 0},
    {.bitmap_index = 5565, .adv_w = 166, .box_w = 10, .box_h = 14, .ofs_x = 0, .ofs_y = -4},
    {.bitmap_index = 5583, .adv_w = 200, .box_w = 11, .box_h = 16, .ofs_x = 1, .ofs_y = 0},
    {.bitmap_index = 5605, .adv_w = 162, .box_w = 9, .box_h = 13, .ofs_x = 1, .ofs_y = 0},
    {.bitmap_index = 5620, .adv_w = 200, .box_w = 11, .box_h = 16, .ofs_x = 1, .ofs_y = 0},
    {.bitmap_index = 5642, .adv_w = 162, .box_w = 9, .box_h = 13, .ofs_x = 1, .ofs_y = 0},
    {.bitmap_index = 5657, .adv_w = 199, .box_w = 11, .box_h = 16, .ofs_x = 1, .ofs_y = 0},
    {.bitmap_index = 5679, .adv_w = 162, .box_w = 9, .box_h = 13, .ofs_x = 1, .ofs_y = 0},
    {.bitmap_index = 5694, .adv_w = 199, .box_w = 11, .box_h = 13, .ofs_x = 1, .ofs_y = 0},
    {.bitmap_index = 5712, .adv_w = 162, .box_w = 9, .box_h = 10, .ofs_x = 1, .ofs_y = 0},
    {.bitmap_index = 5724, .adv_w = 199, .box_w = 11, .box_h = 16, .ofs_x = 1, .ofs_y = 0},
    {.bitmap_index = 5746, .adv_w = 162, .box_w = 9, .box_h = 13, .ofs_x = 1, .ofs_y = 0},
    {.bitmap_index = 5761, .adv_w = 183, .box_w = 11, .box_h = 16, .ofs_x = 1, .ofs_y = 0},
    {.bitmap_index = 5783, .adv_w = 147, .box_w = 9, .box_h = 13, .ofs_x = 0, .ofs_y = 0},
    {.bitmap_index = 5798, .adv_w = 182, .box_w = 11, .box_h = 16, .ofs_x = 0, .ofs_y = 0},
    {.bitmap_index = 5820, .adv_w = 149, .box_w = 10, .box_h = 17, .ofs_x = 0, .ofs_y = -4},
    {.bitmap_index = 5842, .adv_w = 182, .box_w = 11, .box_h = 16, .ofs_x = 0, .ofs_y = 0},
    {.bitmap_index = 5864, .adv_w = 149, .box_w = 9, .box_h = 17, .ofs_x = 0, .ofs_y = -4},
    {.bitmap_index = 5884, .adv_w = 182, .box_w = 11, .box_h = 17, .ofs_x = 0, .ofs_y = 0},
    {.bitmap_index = 5908, .adv_w = 149, .box_w = 9, .box_h = 18, .ofs_x = 0, .ofs_y = -4},
    {.bitmap_index = 5929, .adv_w = 201, .box_w = 10, .box_h = 16, .ofs_x = 1, .ofs_y = 0},
    {.bitmap_index = 5949, .adv_w = 161, .box_w = 8, .box_h = 13, .ofs_x = 1, .ofs_y = 0},
    {.bitmap_index = 5962, .adv_w = 161, .box_w = 9, .box_h = 16, .ofs_x = 1, .ofs_y = -3},
    {.bitmap_index = 5980, .adv_w = 121, .box_w = 7, .box_h = 13, .ofs_x = 1, .ofs_y = -3},
    {.bitmap_index = 5992, .adv_w = 251, .box_w = 14, .box_h = 16, .ofs_x = 1, .ofs_y = 0},
    {.bitmap_index = 6020, .adv_w = 246, .box_w = 13, .box_h = 13, .ofs_x = 1, .ofs_y = 0},
    {.bitmap_index = 6042, .adv_w = 174, .box_w = 11, .box_h = 17, .ofs_x = 0, .ofs_y = -4},
    {.bitmap_index = 6066, .adv_w = 131, .box_w = 9, .box_h = 14, .ofs_x = 0, .ofs_y = -4},
    {.bitmap_index = 6082, .adv_w = 209, .box_w = 13, .box_h = 17, .ofs_x = 0, .ofs_y = -4},
    {.bitmap_index = 6110, .adv_w = 172, .box_w = 11, .box_h = 14, .ofs_x = 0, .ofs_y = -4},
    {.bitmap_index = 6130, .adv_w = 184, .box_w = 11, .box_h = 13, .ofs_x = 0, .ofs_y = 0},
    {.bitmap_index = 6148, .adv_w = 148, .box_w = 8, .box_h = 10, .ofs_x = 1, .ofs_y = 0}
};

/*---------------------
 *  CHARACTER MAPPING
 *--------------------*/



/*Collect the unicode lists and glyph_id offsets*/
static const lv_font_fmt_txt_cmap_t cmaps[] =
{
    {
        .range_start = 32, .range_length = 95, .glyph_id_start = 1,
        .unicode_list = NULL, .glyph_id_ofs_list = NULL, .list_length = 0, .type = LV_FONT_FMT_TXT_CMAP_FORMAT0_TINY
    },
    {
        .range_start = 1024, .range_length = 135, .glyph_id_start = 96,
        .unicode_list = NULL, .glyph_id_ofs_list = NULL, .list_length = 0, .type = LV_FONT_FMT_TXT_CMAP_FORMAT0_TINY
    },
    {
        .range_start = 1160, .range_length = 120, .glyph_id_start = 231,
        .unicode_list = NULL, .glyph_id_ofs_list = NULL, .list_length = 0, .type = LV_FONT_FMT_TXT_CMAP_FORMAT0_TINY
    }
};

/*-----------------
 *    KERNING
 *----------------*/


/*Map glyph_ids to kern left classes*/
static const uint8_t __attribute__((aligned(4))) kern_left_class_mapping[] =
{
    0, 1, 0, 2, 0, 0, 0, 0,
    2, 3, 0, 0, 0, 4, 0, 4,
    5, 0, 0, 0, 0, 0, 0, 0,
    0, 0, 0, 0, 0, 0, 0, 0,
    0, 0, 6, 7, 8, 9, 10, 11,
    0, 12, 12, 13, 14, 15, 12, 12,
    9, 16, 17, 18, 0, 19, 13, 20,
    21, 22, 23, 24, 25, 0, 0, 0,
    0, 0, 26, 27, 28, 0, 29, 30,
    0, 31, 0, 0, 32, 0, 31, 31,
    33, 27, 0, 34, 0, 35, 0, 36,
    37, 38, 36, 39, 40, 0, 0, 0,
    10, 10, 41, 42, 0, 0, 12, 12,
    13, 43, 44, 45, 14, 0, 46, 12,
    6, 47, 7, 42, 48, 10, 22, 49,
    12, 0, 14, 12, 12, 12, 9, 0,
    16, 8, 19, 46, 0, 22, 12, 12,
    12, 50, 51, 12, 52, 53, 54, 55,
    26, 56, 57, 58, 59, 29, 38, 28,
    0, 0, 60, 0, 0, 0, 33, 0,
    27, 28, 61, 36, 27, 38, 62, 0,
    0, 63, 64, 0, 65, 27, 66, 0,
    29, 29, 0, 58, 67, 0, 0, 0,
    0, 68, 69, 0, 0, 0, 36, 0,
    0, 0, 52, 65, 0, 0, 6, 0,
    0, 0, 0, 0, 0, 0, 0, 0,
    0, 0, 0, 33, 20, 36, 20, 36,
    0, 0, 0, 0, 0, 0, 0, 0,
    0, 70, 0, 0, 0, 0, 0, 0,
    0, 0, 0, 0, 0, 0, 27, 42,
    58, 42, 0, 0, 0, 22, 38, 0,
    0, 14, 0, 14, 0, 14, 0, 14,
    0, 12, 0, 0, 0, 0, 0, 0,
    0, 8, 28, 19, 0, 23, 36, 23,
    0, 22, 38, 0, 0, 0, 0, 0,
    0, 0, 31, 0, 0, 0, 0, 12,
    22, 38, 0, 0, 0, 0, 0, 0,
    12, 0, 0, 0, 12, 0, 12, 6,
    26, 6, 26, 0, 0, 10, 29, 9,
    29, 0, 29, 22, 38, 0, 0, 0,
    0, 0, 0, 0, 0, 9, 33, 0,
    0, 0, 33, 0, 27, 46, 36, 46,
    36, 46, 36, 0, 0, 42, 58, 0,
    0, 0, 58, 22, 38, 0, 0
};

/*Map glyph_ids to kern right classes*/
static const uint8_t __attribute__((aligned(4))) kern_right_class_mapping[] =
{
    0, 1, 0, 2, 0, 0, 0, 3,
    2, 0, 4, 5, 0, 6, 7, 6,
    8, 0, 0, 0, 0, 0, 0, 0,
    9, 0, 0, 0, 0, 0, 0, 0,
    10, 0, 11, 0, 12, 0, 0, 0,
    12, 0, 0, 13, 0, 0, 0, 0,
    12, 0, 12, 0, 14, 15, 16, 17,
    18, 19, 20, 21, 0, 0, 22, 0,
    0, 0, 23, 0, 24, 24, 24, 25,
    24, 0, 0, 0, 0, 0, 26, 26,
    27, 26, 24, 28, 29, 30, 31, 32,
    33, 34, 32, 35, 0, 0, 36, 0,
    0, 0, 15, 0, 12, 0, 0, 0,
    13, 37, 0, 15, 0, 0, 38, 0,
    11, 0, 0, 0, 39, 0, 19, 0,
    0, 0, 0, 37, 0, 0, 12, 0,
    0, 12, 15, 38, 0, 19, 0, 40,
    0, 0, 0, 0, 41, 42, 0, 0,
    23, 43, 44, 26, 45, 24, 34, 46,
    26, 26, 26, 47, 26, 26, 27, 26,
    26, 24, 48, 32, 24, 34, 26, 49,
    26, 26, 50, 51, 52, 53, 26, 54,
    24, 24, 55, 26, 24, 29, 0, 0,
    0, 47, 26, 0, 26, 26, 32, 56,
    12, 57, 0, 0, 0, 0, 11, 0,
    0, 0, 58, 0, 0, 0, 0, 0,
    0, 0, 12, 27, 17, 32, 17, 32,
    12, 24, 12, 59, 12, 24, 12, 60,
    12, 24, 0, 0, 0, 0, 0, 0,
    0, 0, 26, 0, 0, 0, 61, 0,
    62, 0, 0, 0, 0, 19, 34, 0,
    0, 0, 26, 0, 56, 0, 0, 15,
    63, 0, 26, 0, 26, 0, 44, 12,
    24, 12, 24, 15, 0, 20, 32, 20,
    0, 19, 34, 15, 0, 40, 49, 64,
    65, 0, 0, 66, 67, 0, 0, 0,
    19, 34, 0, 0, 37, 47, 0, 26,
    0, 26, 40, 49, 0, 26, 0, 11,
    23, 11, 23, 0, 0, 0, 24, 68,
    24, 0, 24, 19, 34, 0, 0, 0,
    0, 0, 26, 0, 26, 12, 27, 12,
    24, 12, 27, 0, 0, 38, 32, 38,
    32, 38, 32, 40, 49, 0, 26, 0,
    26, 0, 26, 19, 34, 0, 0
};

/*Kern values between classes*/
static const int8_t kern_class_values[] =
{
    0, 0, 0, 0, 0, 0, 0, 0,
    0, 0, 0, 0, 0, 0, -8, 0,
    0, 0, 0, 0, 0, 0, 0, 0,
    0, 0, 0, 0, 0, 0, 0, 0,
    0, 0, 0, 0, 0, 0, 0, 0,
    0, 0, 0, 0, 0, 0, 0, 0,
    0, 0, 0, 0, 0, 0, 0, 0,
    0, 0, 0, 0, 0, 0, 0, 0,
    0, 0, 0, 0, 0, -5, 0, 0,
    0, 0, 0, 0, 0, 0, 0, 0,
    0, 0, 0, 0, 0, 0, 0, 0,
    0, 0, 0, 0, 0, 0, 0, 0,
    0, 0, 0, 0, 0, 0, 0, 0,
    0, 0, 0, 0, 0, 0, 0, 0,
    0, 0, 0, 0, 0, 0, 0, 0,
    0, 0, 0, 0, 0, 0, 0, 0,
    0, 0, 0, 0, 0, 0, 0, 0,
    0, 0, 0, 0, 0, 0, 0, 0,
    0, 0, 0, 0, 0, 0, 0, 0,
    3, 5, 0, 3, 0, 0, 0, 0,
    0, 0, 0, 0, 0, 0, 0, 0,
    0, 0, 0, 0, 0, 0, 0, 0,
    0, 0, 0, 0, 0, 0, 0, 0,
    0, 0, 0, 0, 0, 0, 0, 0,
    0, 0, 0, 0, 0, 0, 0, 0,
    0, 0, 0, 0, 0, -40, 0, 0,
    0, 0, 0, 0, 0, 0, 0, 0,
    0, 0, 0, 0, 0, 0, 0, 0,
    0, 0, 0, 0, 0, 0, 0, 0,
    0, 0, 0, 0, 0, 0, 0, 0,
    0, 0, 0, 0, 0, 0, 0, 0,
    0, 0, 0, 0, 0, 0, 0, 0,
    0, 0, 0, 0, 0, 0, 0, 0,
    0, 0, 0, 0, 0, 0, 0, 0,
    0, 0, 0, 0, 0, 0, 0, -35,
    0, 0, 0, 0, 0, 0, 0, 0,
    0, 0, 0, 0, 0, 0, 0, 0,
    0, 0, 0, 0, 0, 0, 0, 0,
    0, 0, 0, 0, 0, 0, 0, 0,
    0, 0, 0, 0, 0, 0, 0, 0,
    0, 0, 0, 0, 0, 0, 0, 0,
    0, 0, 0, 0, 0, 0, 0, 0,
    0, 0, 0, 0, 0, -17, 0, 0,
    0, 0, 0, 0, 0, -11, 0, -3,
    0, 0, -17, -2, -11, -5, 0, -21,
    0, 0, 0, 0, 0, -7, -2, 0,
    0, -2, -2, -7, -5, 0, 2, 0,
    2, 0, 3, -8, -8, 0, 0, 0,
    0, 0, 3, -8, -5, 0, 0, -7,
    0, 0, 0, 0, 0, 0, 0, 0,
    0, 0, -18, -22, -17, -22, -5, -2,
    0, 0, 0, 0, 0, 0, 0, 0,
    0, 0, 0, 0, 0, 0, -4, 0,
    -3, 0, 0, -8, 0, 0, 0, 0,
    0, 0, 0, 0, 0, 0, 0, 0,
    0, 0, 0, 0, 0, -2, 0, 0,
    0, 0, 0, 0, 0, 0, 0, 0,
    0, 0, 0, 0, 0, 0, 0, 0,
    0, 2, 0, 0, 0, 0, 0, 0,
    0, 0, 0, 0, 0, 0, 0, -4,
    0, 0, 0, 0, 0, 0, 0, 0,
    0, 0, -4, 0, 0, 0, 0, 0,
    0, -2, 0, 0, 0, 0, 0, 0,
    0, 0, 0, 0, 0, 0, 0, -2,
    0, 0, 0, 0, 0, 0, 0, 0,
    0, 0, 0, 0, 0, 0, 0, 0,
    0, 0, 0, 0, 0, 0, 0, 0,
    0, 0, 0, 0, 0, 0, -3, 0,
    0, 0, 0, 0, 0, -17, 0, 0,
    0, 0, -3, 0, 0, 0, -12, 0,
    -3, 0, -3, -6, -3, 0, 0, 0,
    0, 0, 0, 0, 0, 0, 0, 0,
    0, 0, 0, 0, -4, 0, -5, 0,
    -4, 0, 0, 0, 0, 0, 0, 0,
    0, 0, 0, 0, 0, 0, 0, 0,
    0, 0, 0, 0, 0, 0, 0, 0,
    0, 0, 0, 0, 0, 0, 0, 0,
    0, 0, 0, 0, 0, 0, 0, 0,
    0, 0, 3, 0, 0, 0, 0, 0,
    0, 0, 0, -3, -3, 0, -3, 0,
    0, 0, -2, -4, -3, 0, 0, 0,
    0, 0, 0, 0, 0, 0, 0, 0,
    0, 0, 0, 0, 0, 0, 0, 0,
    0, 0, 0, 0, 0, 0, 0, 0,
    0, 0, 0, 0, 0, 0, 0, 0,
    0, 0, 0, 0, 0, -39, 0, 0,
    0, 0, -27, 0, -29, 0, 3, 0,
    0, 0, 0, 0, 0, 0, -5, -3,
    0, 0, -3, -4, 0, 0, -3, -3,
    0, 0, 0, 0, 0, 0, 0, 0,
    0, 0, 0, 0, 0, 0, 0, 0,
    0, 0, 0, 0, 0, 0, 0, 0,
    0, 0, 0, 0, 0, 0, 0, 0,
    0, 0, 0, 0, 0, 0, 0, 0,
    0, 0, 0, 0, 0, 0, 3, 0,
    0, 0, -4, 0, 0, 0, 2, -4,
    0, 0, 0, 0, 0, 0, 0, 0,
    0, 0, 0, 0, 0, 0, 0, 0,
    2, 0, 3, -4, 0, 0, 0, 0,
    3, 0, 2, 0, -4, 0, 0, 0,
    0, 0, 0, 0, 0, 0, 0, 0,
    0, 0, 0, -4, -4, -4, 0, 0,
    0, 0, 0, 0, 0, 0, 0, 0,
    0, 0, -3, 0, 0, 0, 0, 0,
    0, 0, 0, 0, 0, 0, 0, 0,
    0, 0, 0, 0, 0, 0, 0, 0,
    0, 0, 0, 0, 0, 0, 0, 0,
    0, 0, 0, 0, 0, 0, 0, 0,
    0, 0, 0, 0, 0, 0, 0, 0,
    0, 0, 0, 0, 0, 0, 0, 0,
    0, 0, 0, 0, 0, 0, 0, 0,
    0, 0, -23, 0, 0, 0, 0, -4,
    0, 0, 0, 0, 0, 0, 0, 0,
    0, 0, 0, -4, 0, 0, -4, 0,
    0, 0, -3, -6, -9, 0, 0, 0,
    0, 0, 0, 0, 0, 0, -6, 0,
    0, 0, 0, -10, -13, 0, 0, -3,
    0, 0, 0, 0, -11, 0, -6, -8,
    0, 0, -13, 0, -8, 0, 0, -4,
    0, 0, 0, 0, 0, 0, 0, 0,
    0, 0, 3, -9, 0, 0, -29, -3,
    -29, -13, 0, -39, 0, 0, 0, 0,
    0, 0, 0, 0, 0, 0, -2, -17,
    -7, 0, 0, 0, 0, 0, 0, 0,
    0, 0, 0, 0, 0, 0, 0, 0,
    0, 0, 0, 0, 0, 0, 0, 0,
    0, 0, 0, 0, 0, 0, 0, 0,
    0, 0, 0, 0, 0, 0, 0, 0,
    0, -57, 0, 0, 0, 0, -25, 0,
    -26, 0, 0, 0, 0, 0, -7, 0,
    -5, 0, -2, -2, 0, 0, -2, 0,
    0, 2, 0, 2, 0, 0, 0, 0,
    -20, 0, -33, 0, 0, 0, 0, 0,
    -24, 0, -13, 0, 0, 0, 0, 0,
    0, 0, 0, 0, 0, 0, 0, 0,
    0, 0, 0, 0, 0, 0, 0, 0,
    0, 0, 0, 0, 0, 0, 0, 0,
    0, 0, 0, 0, 0, 0, -5, 0,
    -4, -3, 0, -5, 0, 0, 0, 0,
    0, 0, 0, 0, 0, 0, 0, 0,
    0, 0, 0, 0, 0, 0, 0, 0,
    0, 0, 0, 0, 0, 0, 0, 0,
    0, 0, 0, 0, 0, 0, 0, 0,
    0, 0, 0, 0, 0, 0, 0, 0,
    0, 0, 0, 0, 0, 0, 0, 0,
    0, 0, 0, 0, 0, 0, 0, 0,
    0, 0, -7, 0, -3, 0, 0, -7,
    0, 0, 0, 0, 0, 0, 0, 0,
    0, 0, 0, 0, 0, 0, 0, 0,
    0, 0, 0, 0, 0, 0, 0, 0,
    0, 0, 0, 0, 0, 0, 0, 0,
    0, 0, 0, 0, 0, 0, 0, 0,
    0, 0, 0, 0, 0, 0, 0, 0,
    -8, 0, 0, 0, 0, -36, -38, 0,
    0, 0, -17, -4, -30, -2, 2, 0,
    2, 2, 0, 2, 0, 0, -24, -13,
    0, -13, -29, -9, -11, 0, -9, -12,
    -7, -11, -8, 0, -7, 0, -11, 0,
    2, 0, -4, -13, -20, -18, -18, -11,
    -19, 0, -18, -11, -18, -19, 6, -18,
    -18, 0, -22, -5, -18, -15, -11, 0,
    -19, -14, -21, -4, 0, 0, 0, 3,
    0, -30, -22, 0, 0, 0, -11, -2,
    0, 0, 0, 0, 0, 0, 0, 0,
    0, 2, -6, -6, 0, 0, -6, -4,
    0, 0, -4, -2, 0, 0, 0, 3,
    0, 0, 0, 0, 0, 0, 0, 0,
    0, 0, 0, 0, 0, 0, 0, 0,
    0, 0, 0, 0, 0, 0, 0, 0,
    0, 0, 0, 0, 0, 0, 0, 0,
    0, 0, 0, 2, 0, -20, -8, 0,
    0, 0, -6, 0, 0, 0, 2, 0,
    0, 0, 0, 0, 0, 2, -5, -4,
    0, 0, -4, -3, 0, 0, -3, 0,
    0, 0, 0, 2, 0, 0, 0, 0,
    0, 0, 0, 0, 0, 0, 0, 0,
    0, 0, 0, 0, 0, 0, 0, 0,
    0, 0, 0, 0, 0, 0, 0, 0,
    0, 0, 0, 0, 0, 0, 0, 0,
    0, 0, -22, 0, 0, 0, 0, -4,
    0, 0, 0, 0, 2, 0, 0, 0,
    0, 0, 0, -4, 0, 0, -3, 0,
    0, 0, -3, -4, 0, 0, 0, 0,
    2, 0, 3, 0, 0, 0, -3, 0,
    0, 0, 2, -6, -7, 0, 0, 0,
    0, 0, 0, 0, 0, 0, 0, 0,
    0, 0, -6, 0, -6, -6, -8, -4,
    0, 0, -4, 3, -7, -32, -21, 0,
    0, 0, -21, -4, -13, -2, 2, -13,
    3, 2, 2, 3, 0, 3, -9, -9,
    -3, -6, -9, -6, -8, -3, -5, -3,
    0, -3, -4, 3, 0, 0, 0, 0,
    0, 0, 0, 0, 0, 0, 0, 0,
    0, 0, 0, -6, 0, 0, 0, 0,
    0, 0, 0, 0, 0, 0, 0, 0,
    0, 0, 0, 0, 0, 0, 0, 0,
    0, 0, 0, 0, 0, 0, 2, -4,
    0, 0, 0, 0, 0, 0, 0, 0,
    0, 0, 0, -3, 0, 0, -3, 0,
    0, 0, -3, -4, -4, 0, 0, 0,
    0, 0, 0, 0, 0, 0, 0, 0,
    0, 0, 0, 0, 0, 0, 0, 0,
    0, 0, 0, 0, 0, 0, 0, 0,
    0, 0, 0, 0, 0, 0, 0, 0,
    0, 0, 0, 0, 0, 0, 0, 0,
    0, 0, 0, 0, -3, 0, 0, -3,
    0, 0, 0, 0, 0, 0, 0, 0,
    0, 0, 0, 0, 0, 0, 0, 0,
    0, 0, 0, 0, 0, 0, 0, 0,
    0, 0, 0, 0, 0, 0, 0, 0,
    0, 0, 0, 0, 0, 0, 0, 0,
    0, 0, 0, 0, 0, 0, 0, 0,
    0, 0, 0, 0, 0, -2, 0, 0,
    0, 0, 0, 0, 0, 0, 0, 0,
    0, 0, 0, 0, 0, 0, 0, 0,
    0, 0, 0, 0, 0, 0, 0, 0,
    0, 0, 0, -2, 0, 0, 0, 0,
    0, 0, 0, 0, 0, 0, 0, 0,
    0, 0, 0, -2, 0, 0, 0, -2,
    0, 0, 0, 0, -2, 0, 0, -2,
    0, 0, -2, 0, 0, 0, 0, 0,
    0, -4, 0, 0, 0, 0, 0, 0,
    0, 0, 0, 0, 0, 0, 0, 0,
    0, 0, 0, 0, 0, 0, 0, 0,
    0, 0, 0, 0, 0, 0, 0, -2,
    0, -2, -2, 0, 0, 0, 0, 0,
    0, 0, 0, 0, -3, 0, -2, -6,
    0, 0, 0, -3, 0, 0, 0, 0,
    0, 0, 0, 0, 0, 0, -3, 0,
    0, 0, 0, 0, 0, -2, 0, 0,
    0, 0, 0, 0, 0, 0, 0, 0,
    0, 0, 0, 0, 0, 0, 0, 0,
    0, 0, 0, 0, 0, 0, 0, 0,
    0, 0, 0, 0, 0, 0, 0, 0,
    0, 0, 0, 0, 0, 0, 0, 0,
    0, 0, 0, 0, 0, 0, 0, 0,
    0, 0, 0, 0, 0, 0, 0, 0,
    0, 0, 0, 0, 0, 0, 0, 0,
    0, -2, 0, 0, 0, 0, 0, 0,
    0, 0, 0, 0, 0, 0, 0, 0,
    0, 0, 0, 0, 0, 0, 0, 0,
    0, 0, 0, 0, 0, 0, 0, -2,
    0, 0, 0, 0, 0, 0, 0, 0,
    0, 0, 0, 0, 0, 0, 0, -2,
    0, 0, 0, 0, 0, 0, 0, 0,
    0, 0, 0, 0, 0, 0, 0, 0,
    0, 0, 0, 0, 0, 2, 0, 3,
    0, 0, 0, 0, 0, 0, 0, 0,
    0, 0, 0, 0, 0, 0, 0, 0,
    0, 3, 0, -3, 0, 0, 0, 0,
    0, 0, 0, 0, 0, 0, 0, 3,
    0, 0, 0, 0, 0, 0, 0, 0,
    0, 0, 0, 0, 0, 0, 0, 0,
    0, 0, 0, 0, 0, 0, 0, 0,
    0, 0, 0, 0, 0, 0, 0, 0,
    0, -11, 0, 0, 0, 0, 0, 0,
    0, 0, 0, 0, 0, 0, 0, 0,
    0, 0, 0, 0, 0, 0, 0, 0,
    0, 0, 0, 0, 0, 0, 0, 0,
    0, 0, 0, 0, 0, 0, 0, 0,
    0, 0, 0, 0, 0, 0, 0, -6,
    0, 0, 0, 0, 0, 0, 0, 0,
    0, 0, 0, 0, 0, 0, 0, 0,
    0, 0, 0, 0, 0, 0, 0, 0,
    0, 0, 0, 0, 0, 0, 0, 0,
    0, 0, 0, 0, 0, 0, 0, 0,
    0, 0, 0, -3, 0, 0, 0, 0,
    0, 0, 0, 0, 0, 0, 0, 0,
    0, 0, 0, 0, 0, 0, 0, 0,
    0, 0, 0, 0, 0, 0, 0, 0,
    0, 0, 0, 0, 0, 0, 0, 0,
    0, 0, 0, 0, 0, 0, 0, 0,
    0, -12, 0, 0, 0, 0, 0, 0,
    0, 0, 0, 0, 0, 0, 0, 0,
    0, 0, 0, 0, 0, 0, 0, 0,
    0, 0, 0, 0, 0, 0, 0, -2,
    0, -3, -2, 0, 0, 0, 0, 0,
    0, 0, 0, 0, -10, 0, -2, -4,
    0, 0, 0, 0, 0, 0, 0, 0,
    -2, 0, 0, -2, 0, 0, -3, 0,
    0, 0, 0, 0, 0, 2, 0, 0,
    0, -24, 0, 0, 0, 0, 0, 0,
    0, 0, 0, 0, 0, 0, 0, 0,
    0, 0, -4, -3, 3, 0, -5, 0,
    0, 7, 0, 3, 2, 0, 0, 0,
    0, 0, 0, 0, 0, 0, 0, 0,
    0, 0, 0, 0, 0, 0, 0, 0,
    0, 0, 0, 0, 0, 0, 0, 0,
    0, 0, 0, 0, 0, 0, 0, 0,
    0, 0, 0, 0, 0, 0, 0, 0,
    0, 0, 0, 0, 0, 0, 0, 0,
    0, 0, 0, 0, 0, 0, 0, 0,
    0, 0, -4, 0, 0, 0, 0, 0,
    0, 0, 0, 0, 0, 0, 0, 0,
    0, 0, 0, 0, 0, 0, 0, 0,
    0, 0, 0, 0, 0, 0, 0, 0,
    0, 0, 0, 0, 0, 0, 0, 0,
    0, 0, 0, 0, 0, 2, 0, 0,
    0, -23, 0, 0, 0, 0, 0, 0,
    0, 0, 0, 0, 0, 0, 0, 0,
    0, 0, -2, -2, 2, 0, -2, 0,
    0, 0, 0, 0, 0, 0, 0, 0,
    0, 0, 0, 0, 0, 0, 0, 0,
    -8, 0, -6, 0, 0, 0, 0, 0,
    0, 0, 0, 0, 0, 0, -2, 0,
    0, 0, 0, 0, 0, 0, 0, 0,
    0, 0, 0, 0, 0, -17, 0, 0,
    0, 0, 0, 0, 0, 0, 0, 0,
    0, 0, 0, 0, 0, 0, 0, 0,
    0, 0, 0, 0, 0, 0, 0, 0,
    0, 0, 0, 0, 0, 0, 0, 0,
    0, 0, 0, 0, 0, 0, 0, 0,
    0, 0, 0, 0, 0, 0, 0, 0,
    0, 0, 0, 0, 0, 0, 0, 0,
    0, 0, 0, 0, 0, 0, 0, 0,
    0, 0, 0, 0, 0, 0, 0, 0,
    0, 0, 0, 0, 0, 0, 0, 0,
    0, 0, 0, -3, 0, 0, -6, 0,
    0, 0, 0, 0, 0, 0, 0, 0,
    0, 0, 0, 0, 0, 0, 0, 0,
    0, 0, 0, 0, 0, 0, 0, 0,
    0, 0, 0, 0, 0, 0, -2, 0,
    0, 0, 0, 0, 0, 0, 0, 0,
    0, 0, 0, 0, 0, 0, 0, 0,
    0, 0, 0, 0, 0, 0, 0, 0,
    0, 0, 0, 0, 0, 0, 0, -2,
    0, 0, -2, 0, 0, 0, 0, 0,
    0, 0, 0, 0, 0, 0, 0, 0,
    0, 0, 0, 0, 0, 0, 0, 0,
    0, 0, 0, 0, 0, 0, 0, 0,
    0, 0, 0, 0, 0, 0, 0, 0,
    0, 0, 0, 0, 0, 0, 0, 0,
    0, 0, 0, 0, 0, 0, 0, 0,
    -3, 0, 0, -3, 0, 0, 0, 0,
    0, 0, 0, 0, 0, 0, 0, 0,
    0, 0, 0, 0, 0, 0, 0, 0,
    0, 0, 0, 0, 0, 0, 0, 0,
    0, 0, 0, 0, 0, 0, 0, 0,
    0, 0, 0, 0, 0, 0, 0, 0,
    0, 0, 0, 0, 0, 0, 0, 0,
    0, -8, 0, 0, 0, 0, 0, 0,
    0, 0, 0, 0, 0, 0, -6, 0,
    -6, 0, -2, -6, 0, 0, 0, 0,
    0, 0, 0, 0, 0, 0, 0, -4,
    0, -2, 0, 0, 0, -3, 0, -4,
    -6, 0, 0, 0, 0, 0, 0, -8,
    0, 0, 0, -7, 0, 0, 0, 0,
    -4, 0, 0, -4, 0, 0, -8, -4,
    0, 0, 0, 0, 0, 0, 0, 0,
    0, -64, -68, 0, 0, 0, -29, -9,
    0, -7, 1, 0, 1, 1, 0, 1,
    0, 0, -23, -24, 0, -24, -22, -18,
    -21, 0, -18, -22, -14, -21, -17, 0,
    -15, 0, -22, 0, 1, 0, -9, -26,
    -36, -33, -34, -21, -34, 0, -34, -21,
    -33, -35, 7, -34, -34, 0, -40, -12,
    -33, -28, -21, 0, -34, -27, -38, -9,
    0, -9, 0, 0, 0, 0, 0, 0,
    0, 0, 0, 0, 0, 0, -14, 0,
    -8, 0, -2, -12, 0, 0, 0, 0,
    0, -6, 0, 0, 0, 0, 0, 0,
    0, -8, 0, 0, -2, -3, 0, -4,
    -9, 0, 0, 0, 0, 0, 0, -7,
    0, 0, 0, -6, 0, 0, 0, 0,
    0, 0, 0, 0, 0, 0, -7, -4,
    0, -5, 0, 0, 0, -11, 0, 0,
    0, 0, 0, 0, 0, 0, 0, 0,
    0, 0, -14, 0, -8, 0, -2, -12,
    0, 0, 0, 0, 0, -7, 0, 0,
    0, 0, 0, 0, 0, -2, 0, 0,
    0, -3, 0, -4, -9, 0, 0, 0,
    0, 0, 0, -8, 0, 0, 0, -7,
    0, 0, 0, 0, 0, 0, 0, 0,
    0, 0, -9, -4, 0, -5, 0, 0,
    0, 0, 0, 0, 0, 0, 0, 0,
    0, 0, 0, 0, 0, 0, -9, 0,
    0, 0, 0, 0, 0, 0, 0, 0,
    0, -4, 0, 0, 0, 0, 0, -2,
    0, 0, 0, 0, 0, 0, 0, 0,
    -8, 0, 0, 0, 0, 0, 0, -5,
    0, 0, 0, -4, 0, 0, 0, 0,
    -3, 0, 0, -3, 0, 0, -5, 0,
    0, -3, 0, 0, 0, 0, 0, 0,
    0, -55, -28, 0, 0, 0, -13, -3,
    0, 0, 3, 0, 0, 0, 0, 3,
    0, 0, -11, -9, 0, -12, -9, 0,
    -6, 0, 0, 0, 0, 0, 0, 0,
    -8, 0, -12, 0, 3, 0, 0, -4,
    -12, -6, -10, 0, -3, 0, -5, -12,
    0, -6, 0, -4, 0, 0, -7, 0,
    -5, -4, 0, 0, -3, 0, -5, 0,
    0, 0, 0, 0, 0, 0, 0, 0,
    0, 0, 0, 0, 0, 0, -4, 0,
    -4, 0, -2, -4, 0, 0, 0, 0,
    0, -6, 0, 0, 0, 0, 0, 0,
    0, -2, 0, 0, 0, -3, 0, -3,
    -4, 0, 0, 0, 0, 0, 0, -7,
    0, 0, 0, -6, 0, 0, 0, 0,
    0, 0, 0, 0, 0, 0, -7, -3,
    0, 0, 0, 0, 0, 0, 0, 0,
    0, 0, 0, 0, 0, 0, 2, -3,
    0, 0, -4, 0, -4, 0, 0, -5,
    0, 0, 0, 0, 0, 0, 0, 0,
    0, 0, 0, 0, 0, 0, 0, 0,
    2, 0, 3, -4, -4, 0, 0, 0,
    3, 0, 2, 0, -4, 0, 0, 0,
    0, 0, 0, 0, 0, 0, 0, 0,
    0, 0, 0, -4, -4, 0, -4, -3,
    0, 0, 0, 0, 0, 0, 0, 0,
    -2, 0, 0, 0, 0, 0, -2, 0,
    -2, 0, -2, -2, 0, 0, 0, 0,
    0, 0, 0, 0, 0, 0, 0, 0,
    0, 0, 0, 0, -2, -2, 0, 0,
    -2, 0, 0, 0, 0, 0, 0, 0,
    0, 0, 0, 0, 0, 0, 0, 0,
    0, 0, 0, 0, 0, 0, 0, 0,
    0, 0, 0, 0, 0, 0, 0, 0,
    0, 0, 0, 0, 0, 0, 2, 0,
    0, 0, -4, 0, -4, 0, 2, -4,
    0, 0, 0, 0, 0, 0, 0, 0,
    0, 0, 0, 0, 0, 0, 0, 0,
    2, 2, 3, -4, -4, -2, 0, 0,
    3, 0, 2, -4, -3, 0, 0, -4,
    0, 0, 0, 0, 0, 0, 0, 0,
    0, 0, -4, -4, -3, -4, 0, 0,
    0, -9, 0, 0, 0, 0, 0, 0,
    0, 0, 0, 0, 0, 0, -14, 0,
    -8, 0, 0, -12, 0, 0, 0, 0,
    0, 0, 0, 0, 0, 0, 0, 0,
    0, -8, 0, 0, 0, -3, 0, -4,
    -8, 0, 0, 0, 0, 0, 0, -7,
    0, 0, 0, -6, 0, 0, 0, 0,
    0, 0, 0, 0, 0, 0, -7, -4,
    0, -5, 0, 0, 0, -9, 0, 0,
    0, 0, 0, 0, 0, 0, 0, 0,
    0, 0, -14, 0, -8, 0, 0, -12,
    0, 0, 0, 0, 0, 0, 0, 0,
    0, 0, 0, 0, 0, -8, 0, 0,
    0, -3, 0, -4, -9, 0, 0, 0,
    0, 0, 0, -7, 0, 0, 0, -6,
    0, 0, 0, 0, 0, 0, 0, 0,
    0, 0, -7, -4, 0, -5, 0, 0,
    0, 0, 0, 0, 0, 0, 0, 0,
    0, 0, 0, 0, 0, 0, -4, 0,
    0, 0, -4, -4, 0, 0, 0, 0,
    0, 0, 0, 0, 0, 0, 0, 0,
    0, 0, 0, 0, -4, -3, -4, 0,
    0, 0, 0, 0, 0, 0, -3, 0,
    0, 0, 0, 0, 0, 0, 0, 0,
    0, 0, 0, 0, 0, 0, 0, 0,
    0, 0, 0, 0, 0, 0, 0, 0,
    0, 0, 0, 0, 0, 0, 0, 0,
    0, 0, -4, 0, 0, 0, -4, 0,
    0, 0, 0, 0, 0, 0, 0, 0,
    0, 0, 0, 0, 0, 0, 0, 0,
    -4, -3, -4, 0, 0, 0, 0, 0,
    -4, 0, -3, 0, 0, 0, 0, 0,
    0, 0, 0, 0, 0, 0, 0, 0,
    0, 0, 0, 0, 0, 0, 0, 0,
    0, 0, 0, 0, 0, 0, 0, 0,
    0, 0, 0, 0, 0, 0, -3, 0,
    0, 0, 0, -2, 0, 0, 0, 0,
    0, 0, 0, 0, 0, 0, 0, 0,
    0, 0, 0, 0, 0, 0, 0, 0,
    0, 0, 0, 0, 0, 0, 0, 0,
    0, 0, 0, 0, 0, 0, 0, 0,
    0, 0, 0, 0, 0, 0, 0, 0,
    0, 0, 0, 0, 0, 0, 0, 0,
    0, 0, 0, 0, 0, 0, 0, 0,
    0, 0, 0, 0, 0, 0, 0, 0,
    0, 0, 0, 0, 0, -2, 0, 0,
    0, 0, 0, 0, 0, -2, 0, 0,
    0, 0, 0, 0, 0, 0, 0, 0,
    -3, 0, 0, -3, 0, 0, 0, -2,
    0, 0, 0, 0, -2, 0, 0, -2,
    0, 0, -2, 0, 0, 0, 0, 0,
    0, -2, 0, 0, 0, 0, 0, 0,
    0, 0, 0, 0, 0, 0, 0, 0,
    0, 0, 0, 0, 0, 0, 0, 0,
    0, 0, 0, 0, 0, 0, 0, -2,
    0, 0, 0, 0, 0, 0, 0, 0,
    0, 0, 0, 0, 0, 0, 0, -2,
    0, 0, 0, -2, 0, 0, 0, 0,
    -2, 0, 0, 0, 0, 0, -2, 0,
    0, 0, 0, 0, 0, 0, 0, 0,
    0, 0, 0, 0, 0, 0, 0, 0,
    0, 0, 0, 0, 0, 0, 0, 0,
    0, 0, 0, -3, 0, 0, -3, 0,
    0, 0, 0, 0, 0, 0, 0, 0,
    0, 0, 0, 0, 0, 0, 0, 0,
    -21, 0, -6, 0, 0, 0, 0, 0,
    0, 0, 0, 0, 0, 0, -3, 0,
    0, 0, 0, 0, 0, 0, 0, 0,
    0, 0, 0, 0, 0, 0, 0, 0,
    0, 0, 0, 0, 0, 0, 0, 0,
    0, 0, 0, 0, 0, 0, 0, 0,
    0, -3, 0, 0, 0, 0, 0, 0,
    0, 0, 0, 0, 0, 0, 0, 0,
    0, 0, 0, 0, 3, 0, 0, -3,
    -3, -7, 0, -3, 0, 0, 0, 0,
    0, 0, 0, 0, 0, 0, -3, 0,
    -3, 0, 0, 0, 0, 0, 0, 0,
    0, 0, 0, 0, 0, 0, 0, 0,
    0, 0, 0, 0, 0, 0, 0, 0,
    0, 0, 0, -2, 0, 0, -8, 0,
    0, 0, 0, 0, 0, 0, 0, 0,
    0, 0, 0, 0, 0, 0, 0, 0,
    0, 0, 0, 0, 0, 0, 0, 0,
    0, 0, 0, 0, 0, 0, -3, 0,
    0, 0, 0, 0, 0, 0, 0, 0,
    0, 2, 0, 0, 0, 0, 0, 0,
    0, 0, 0, 0, 0, 0, 0, 0,
    0, 0, 0, 0, 0, 0, -2, -9,
    2, 0, -4, 0, 0, 0, 0, 2,
    0, 0, 0, 0, 0, 0, 0, 0,
    0, 0, 0, 0, -8, 0, -6, 0,
    0, 0, 0, 0, 0, 0, 0, 0,
    0, 0, -3, 2, 0, 0, 0, 0,
    0, 0, 0, 0, 0, 0, 0, 0,
    0, 0, 0, 0, 0, 0, 0, 0,
    0, 0, 0, 0, 0, 0, 0, 0,
    0, 0, 0, 0, 0, 0, 0, 0,
    0, 0, 0, 0, 0, 0, 0, 0,
    0, 0, 0, 0, 0, 0, 0, 0,
    3, 0, 2, -2, -2, 0, 0, -2,
    0, 3, 0, 0, 0, 0, 0, 0,
    0, 0, -4, 0, -5, 0, 0, 0,
    0, 0, 0, 0, 0, 0, 0, 0,
    0, 0, 0, 0, 0, 0, 0, 0,
    0, 0, 0, 0, 0, 0, 0, -3,
    0, 0, 0, 0, 0, 0, 0, 0,
    0, 0, 0, 0, 0, 0, 0, 0,
    0, 0, 0, 0, 3, 0, 2, -4,
    -4, -10, 0, -4, 0, 0, 0, 0,
    0, 0, 0, 0, 0, 0, -10, 0,
    -5, 0, 0, 0, 0, -19, 0, 0,
    0, 0, 0, 0, 0, 0, 0, 0,
    0, 0, 0, 0, 0, 0, 0, 0,
    0, 0, 0, 0, 0, 0, 0, 0,
    0, 0, 0, -9, 0, -3, 0, 0,
    0, 0, 0, 0, 0, 0, 0, 0,
    0, 0, 0, -18, -3, 0, 0, -2,
    0, 0, 0, 0, -5, 0, 0, -5,
    0, 0, -26, 0, -3, 0, 0, 0,
    0, -19, 0, 0, 0, 0, 0, 0,
    0, 0, 0, 0, 0, 0, 0, 0,
    0, 0, 0, 0, 0, 0, 0, 0,
    0, 0, 0, 0, 0, 0, 0, -11,
    0, -3, 0, 0, 0, 0, 0, 0,
    0, 0, 0, 0, 0, 0, 0, -21,
    -4, 0, 0, -8, 0, 0, 0, 0,
    -5, 0, 0, -5, 0, 0, -32, 0,
    -3, 0, 0, 0, 0, 0, 0, 0,
    0, 0, 0, 0, 0, 0, 0, 0,
    0, 0, 0, 0, 0, 0, 0, 0,
    0, 0, 0, 0, 0, 0, 0, 0,
    0, 0, 0, -2, 0, -2, 0, 0,
    0, 0, 0, 0, 0, 0, 0, 0,
    -2, 0, -2, 0, 0, 0, 0, -3,
    0, 0, 0, 0, 0, 0, 0, 0,
    0, 0, 0, 0, 0, 0, 0, 0,
    0, -6, 0, 0, 0, 0, 0, 0,
    0, 0, 0, 0, 0, 0, 0, 0,
    0, 0, 0, 0, 0, 0, 0, 0,
    0, 0, 0, 0, 0, 0, 0, 0,
    0, 0, 0, 0, 0, 0, 0, 0,
    0, 0, 0, 0, 0, 0, 0, 0,
    0, 0, 0, 0, 0, 0, 0, 0,
    0, 0, 0, 0, 0, 0, 0, 0,
    0, 0, 0, 0, 0, -19, 0, 0,
    0, 0, 0, 0, 0, 0, 0, 0,
    0, 0, 0, 0, 0, 0, 0, 0,
    0, 0, 0, 0, 0, 0, 0, 0,
    0, 0, 0, -11, 0, -4, 0, 0,
    0, 0, 0, 0, 0, 0, 0, 0,
    0, 0, 0, -19, -9, 0, 0, -6,
    0, 0, 0, 0, -5, 0, 0, -5,
    0, 0, -32, 0, -3, 0, 0, 0,
    0, -19, 0, 0, 0, 0, 0, 0,
    0, 0, 0, 0, 0, 0, 0, 0,
    0, 0, 0, 0, 0, 0, 0, 0,
    0, 0, 0, 0, 0, 0, 0, -11,
    0, -3, 0, 0, 0, 0, 0, 0,
    0, 0, 0, 0, 0, 0, 0, -22,
    -6, 0, 0, -5, 0, 0, 0, 0,
    -5, 0, 0, -5, 0, 0, -32, 0,
    -3, 0, 0, 0, 0, -6, 0, 0,
    0, 0, 0, 0, 0, 0, 0, 0,
    0, 0, 0, 0, 0, 0, 0, 0,
    0, 0, 0, 0, 0, 0, 0, 0,
    0, 0, 0, 0, 0, 0, 0, 0,
    0, 0, 0, 0, 0, 0, 0, 0,
    0, 0, 0, 0, 0, 0, 0, 0,
    0, 0, 0, 0, 0, 0, 0, 0,
    0, 0, 0, 0, 0, 0, 0, 0
};


/*Collect the kern class' data in one place*/
static const lv_font_fmt_txt_kern_classes_t kern_classes =
{
    .class_pair_values   = kern_class_values,
    .left_class_mapping  = kern_left_class_mapping,
    .right_class_mapping = kern_right_class_mapping,
    .left_class_cnt      = 70,
    .right_class_cnt     = 68,
};

/*--------------------
 *  ALL CUSTOM DATA
 *--------------------*/

#if LVGL_VERSION_MAJOR == 8
/*Store all the custom data of the font*/
static  lv_font_fmt_txt_glyph_cache_t cache;
#endif

#if LVGL_VERSION_MAJOR >= 8
static const lv_font_fmt_txt_dsc_t font_dsc = {
#else
static lv_font_fmt_txt_dsc_t font_dsc = {
#endif
    .glyph_bitmap = glyph_bitmap,
    .glyph_dsc = glyph_dsc,
    .cmaps = cmaps,
    .kern_dsc = &kern_classes,
    .kern_scale = 16,
    .cmap_num = 3,
    .bpp = 1,
    .kern_classes = 1,
    .bitmap_format = 0,
#if LVGL_VERSION_MAJOR == 8
    .cache = &cache
#endif
};



/*-----------------
 *  PUBLIC FONT
 *----------------*/

/*Initialize a public general font descriptor*/
#if LVGL_VERSION_MAJOR >= 8
const lv_font_t ui_font_ftRbBlck18 = {
#else
lv_font_t ui_font_ftRbBlck18 = {
#endif
    .get_glyph_dsc = lv_font_get_glyph_dsc_fmt_txt,    /*Function pointer to get glyph's data*/
    .get_glyph_bitmap = lv_font_get_bitmap_fmt_txt,    /*Function pointer to get glyph's bitmap*/
    .line_height = 23,          /*The maximum line height required by the font*/
    .base_line = 5,             /*Baseline measured from the bottom of the line*/
#if !(LVGL_VERSION_MAJOR == 6 && LVGL_VERSION_MINOR == 0)
    .subpx = LV_FONT_SUBPX_NONE,
#endif
#if LV_VERSION_CHECK(7, 4, 0) || LVGL_VERSION_MAJOR >= 8
    .underline_position = -1,
    .underline_thickness = 1,
#endif
    .dsc = &font_dsc,          /*The custom font data. Will be accessed by `get_glyph_bitmap/dsc` */
#if LV_VERSION_CHECK(8, 2, 0) || LVGL_VERSION_MAJOR >= 9
    .fallback = NULL,
#endif
    .user_data = NULL,
};



#endif /*#if UI_FONT_FTRBBLCK18*/

